acq_date,id,path,acq_method,description,program_type,sequence_name,ch_filenames,uv_filenames
2023-04-05 02:18:06,84,/Users/jonathan/0_jono_data/2023-04-04_WINES_2023-04-04_12-01-53/017-1701.D,AVANTOR100X4_6C18-H2O-MEOH-2_5.M,empty,sequence,2023-04-04_WINES_2023-04-04_12-01-53,DAD1A.ch,DAD1.UV
2023-04-05 01:24:34,83,/Users/jonathan/0_jono_data/2023-04-04_WINES_2023-04-04_12-01-53/016-1601.D,AVANTOR100X4_6C18-H2O-MEOH-2_5.M,empty,sequence,2023-04-04_WINES_2023-04-04_12-01-53,DAD1A.ch,DAD1.UV
2023-04-05 00:31:06,92,/Users/jonathan/0_jono_data/2023-04-04_WINES_2023-04-04_12-01-53/015-1501.D,AVANTOR100X4_6C18-H2O-MEOH-2_5.M,empty,sequence,2023-04-04_WINES_2023-04-04_12-01-53,DAD1A.ch,DAD1.UV
2023-04-04 23:37:37,90,/Users/jonathan/0_jono_data/2023-04-04_WINES_2023-04-04_12-01-53/014-1401.D,AVANTOR100X4_6C18-H2O-MEOH-2_5.M,empty,sequence,2023-04-04_WINES_2023-04-04_12-01-53,DAD1A.ch,DAD1.UV
2023-04-04 22:44:09,89,/Users/jonathan/0_jono_data/2023-04-04_WINES_2023-04-04_12-01-53/013-1301.D,AVANTOR100X4_6C18-H2O-MEOH-2_5.M,empty,sequence,2023-04-04_WINES_2023-04-04_12-01-53,DAD1A.ch,DAD1.UV
2023-04-04 21:50:42,88,/Users/jonathan/0_jono_data/2023-04-04_WINES_2023-04-04_12-01-53/012-1201.D,AVANTOR100X4_6C18-H2O-MEOH-2_5.M,empty,sequence,2023-04-04_WINES_2023-04-04_12-01-53,DAD1A.ch,DAD1.UV
2023-04-04 20:57:16,87,/Users/jonathan/0_jono_data/2023-04-04_WINES_2023-04-04_12-01-53/011-1101.D,AVANTOR100X4_6C18-H2O-MEOH-2_5.M,empty,sequence,2023-04-04_WINES_2023-04-04_12-01-53,DAD1A.ch,DAD1.UV
2023-04-04 20:03:43,86,/Users/jonathan/0_jono_data/2023-04-04_WINES_2023-04-04_12-01-53/010-1001.D,AVANTOR100X4_6C18-H2O-MEOH-2_5.M,empty,sequence,2023-04-04_WINES_2023-04-04_12-01-53,DAD1A.ch,DAD1.UV
2023-04-04 19:10:13,85,/Users/jonathan/0_jono_data/2023-04-04_WINES_2023-04-04_12-01-53/009-0901.D,AVANTOR100X4_6C18-H2O-MEOH-2_5.M,empty,sequence,2023-04-04_WINES_2023-04-04_12-01-53,DAD1A.ch,DAD1.UV
2023-04-04 18:16:42,82,/Users/jonathan/0_jono_data/2023-04-04_WINES_2023-04-04_12-01-53/008-0801.D,AVANTOR100X4_6C18-H2O-MEOH-2_5.M,empty,sequence,2023-04-04_WINES_2023-04-04_12-01-53,DAD1A.ch,DAD1.UV
2023-04-04 17:23:12,81,/Users/jonathan/0_jono_data/2023-04-04_WINES_2023-04-04_12-01-53/007-0701.D,AVANTOR100X4_6C18-H2O-MEOH-2_5.M,empty,sequence,2023-04-04_WINES_2023-04-04_12-01-53,DAD1A.ch,DAD1.UV
2023-04-04 16:29:43,80,/Users/jonathan/0_jono_data/2023-04-04_WINES_2023-04-04_12-01-53/006-0601.D,AVANTOR100X4_6C18-H2O-MEOH-2_5.M,empty,sequence,2023-04-04_WINES_2023-04-04_12-01-53,DAD1A.ch,DAD1.UV
2023-04-04 15:36:12,79,/Users/jonathan/0_jono_data/2023-04-04_WINES_2023-04-04_12-01-53/005-0501.D,AVANTOR100X4_6C18-H2O-MEOH-2_5.M,empty,sequence,2023-04-04_WINES_2023-04-04_12-01-53,DAD1A.ch,DAD1.UV
2023-04-04 14:42:44,91,/Users/jonathan/0_jono_data/2023-04-04_WINES_2023-04-04_12-01-53/004-0401.D,AVANTOR100X4_6C18-H2O-MEOH-2_5.M,empty,sequence,2023-04-04_WINES_2023-04-04_12-01-53,DAD1A.ch,DAD1.UV
2023-04-04 13:49:15,93,/Users/jonathan/0_jono_data/2023-04-04_WINES_2023-04-04_12-01-53/003-0301.D,AVANTOR100X4_6C18-H2O-MEOH-2_5.M,empty,sequence,2023-04-04_WINES_2023-04-04_12-01-53,DAD1A.ch,DAD1.UV
2023-04-04 12:55:51,95,/Users/jonathan/0_jono_data/2023-04-04_WINES_2023-04-04_12-01-53/002-0201.D,AVANTOR100X4_6C18-H2O-MEOH-2_5.M,empty,sequence,2023-04-04_WINES_2023-04-04_12-01-53,DAD1A.ch,DAD1.UV
2023-04-04 12:01:57,94,/Users/jonathan/0_jono_data/2023-04-04_WINES_2023-04-04_12-01-53/001-0101.D,AVANTOR100X4_6C18-H2O-MEOH-2_5.M,21-le-macchiole-bolgheri-rosso,sequence,2023-04-04_WINES_2023-04-04_12-01-53,DAD1A.ch,DAD1.UV
2023-03-24 14:11:10,68,/Users/jonathan/0_jono_data/2023-03-24_WINES_2023-03-24_13-17-09/002-0201.D,AVANTOR100X4_6C18-H2O-MEOH-2_5.M,empty,sequence,2023-03-24_WINES_2023-03-24_13-17-09,DAD1A.ch,DAD1.UV
2023-03-24 13:17:12,67,/Users/jonathan/0_jono_data/2023-03-24_WINES_2023-03-24_13-17-09/001-0101.D,AVANTOR100X4_6C18-H2O-MEOH-2_5.M,empty,sequence,2023-03-24_WINES_2023-03-24_13-17-09,DAD1A.ch,DAD1.UV
2023-03-21 23:20:26,66,/Users/jonathan/0_jono_data/2023-03-21_WINES_2023-03-21_16-11-15/009-0901.D,AVANTOR100X4_6C18-H2O-MEOH-2_5.M,empty,sequence,2023-03-21_WINES_2023-03-21_16-11-15,"DAD1D.ch, DAD1E.ch, DAD1A.ch, DAD1F.ch, DAD1B.ch, DAD1C.ch, DAD1G.ch, DAD1H.ch",DAD1.UV
2023-03-21 22:26:47,65,/Users/jonathan/0_jono_data/2023-03-21_WINES_2023-03-21_16-11-15/008-0801.D,AVANTOR100X4_6C18-H2O-MEOH-2_5.M,empty,sequence,2023-03-21_WINES_2023-03-21_16-11-15,"DAD1D.ch, DAD1E.ch, DAD1A.ch, DAD1F.ch, DAD1B.ch, DAD1C.ch, DAD1G.ch, DAD1H.ch",DAD1.UV
2023-03-21 21:33:10,64,/Users/jonathan/0_jono_data/2023-03-21_WINES_2023-03-21_16-11-15/007-0701.D,AVANTOR100X4_6C18-H2O-MEOH-2_5.M,empty,sequence,2023-03-21_WINES_2023-03-21_16-11-15,"DAD1D.ch, DAD1E.ch, DAD1A.ch, DAD1F.ch, DAD1B.ch, DAD1C.ch, DAD1G.ch, DAD1H.ch",DAD1.UV
2023-03-21 20:39:35,63,/Users/jonathan/0_jono_data/2023-03-21_WINES_2023-03-21_16-11-15/006-0601.D,AVANTOR100X4_6C18-H2O-MEOH-2_5.M,empty,sequence,2023-03-21_WINES_2023-03-21_16-11-15,"DAD1D.ch, DAD1E.ch, DAD1A.ch, DAD1F.ch, DAD1B.ch, DAD1C.ch, DAD1G.ch, DAD1H.ch",DAD1.UV
2023-03-21 19:45:54,62,/Users/jonathan/0_jono_data/2023-03-21_WINES_2023-03-21_16-11-15/005-0501.D,AVANTOR100X4_6C18-H2O-MEOH-2_5.M,empty,sequence,2023-03-21_WINES_2023-03-21_16-11-15,"DAD1D.ch, DAD1E.ch, DAD1A.ch, DAD1F.ch, DAD1B.ch, DAD1C.ch, DAD1G.ch, DAD1H.ch",DAD1.UV
2023-03-21 18:52:16,61,/Users/jonathan/0_jono_data/2023-03-21_WINES_2023-03-21_16-11-15/004-0401.D,AVANTOR100X4_6C18-H2O-MEOH-2_5.M,empty,sequence,2023-03-21_WINES_2023-03-21_16-11-15,"DAD1D.ch, DAD1E.ch, DAD1A.ch, DAD1F.ch, DAD1B.ch, DAD1C.ch, DAD1G.ch, DAD1H.ch",DAD1.UV
2023-03-21 17:58:38,60,/Users/jonathan/0_jono_data/2023-03-21_WINES_2023-03-21_16-11-15/003-0301.D,AVANTOR100X4_6C18-H2O-MEOH-2_5.M,empty,sequence,2023-03-21_WINES_2023-03-21_16-11-15,"DAD1D.ch, DAD1E.ch, DAD1A.ch, DAD1F.ch, DAD1B.ch, DAD1C.ch, DAD1G.ch, DAD1H.ch",DAD1.UV
2023-03-21 17:05:05,59,/Users/jonathan/0_jono_data/2023-03-21_WINES_2023-03-21_16-11-15/002-0201.D,AVANTOR100X4_6C18-H2O-MEOH-2_5.M,empty,sequence,2023-03-21_WINES_2023-03-21_16-11-15,"DAD1D.ch, DAD1E.ch, DAD1A.ch, DAD1F.ch, DAD1B.ch, DAD1C.ch, DAD1G.ch, DAD1H.ch",DAD1.UV
2023-03-21 16:11:29,58,/Users/jonathan/0_jono_data/2023-03-21_WINES_2023-03-21_16-11-15/001-0101.D,AVANTOR100X4_6C18-H2O-MEOH-2_5.M,empty,sequence,2023-03-21_WINES_2023-03-21_16-11-15,"DAD1D.ch, DAD1E.ch, DAD1A.ch, DAD1F.ch, DAD1B.ch, DAD1C.ch, DAD1G.ch, DAD1H.ch",DAD1.UV
2023-03-17 04:09:23,06,/Users/jonathan/0_jono_data/2023-03-16_RANDOM_WINES_REPEAT_44MIN_RUN_2023-03-16_17-30-55/015-1501.D,AVANTOR100X4_6C18-H2O-MEOH-2_5_44-MINS.M,empty,sequence,2023-03-16_RANDOM_WINES_REPEAT_44MIN_RUN_2023-03-16_17-30-55,DAD1G.ch,DAD1.UV
2023-03-17 03:23:54,10,/Users/jonathan/0_jono_data/2023-03-16_RANDOM_WINES_REPEAT_44MIN_RUN_2023-03-16_17-30-55/014-1401.D,AVANTOR100X4_6C18-H2O-MEOH-2_5_44-MINS.M,empty,sequence,2023-03-16_RANDOM_WINES_REPEAT_44MIN_RUN_2023-03-16_17-30-55,DAD1G.ch,DAD1.UV
2023-03-17 02:38:23,20,/Users/jonathan/0_jono_data/2023-03-16_RANDOM_WINES_REPEAT_44MIN_RUN_2023-03-16_17-30-55/013-1301.D,AVANTOR100X4_6C18-H2O-MEOH-2_5_44-MINS.M,empty,sequence,2023-03-16_RANDOM_WINES_REPEAT_44MIN_RUN_2023-03-16_17-30-55,DAD1G.ch,DAD1.UV
2023-03-17 01:52:54,08,/Users/jonathan/0_jono_data/2023-03-16_RANDOM_WINES_REPEAT_44MIN_RUN_2023-03-16_17-30-55/012-1201.D,AVANTOR100X4_6C18-H2O-MEOH-2_5_44-MINS.M,empty,sequence,2023-03-16_RANDOM_WINES_REPEAT_44MIN_RUN_2023-03-16_17-30-55,DAD1G.ch,DAD1.UV
2023-03-17 01:07:26,crawford_cab_0221,/Users/jonathan/0_jono_data/2023-03-16_RANDOM_WINES_REPEAT_44MIN_RUN_2023-03-16_17-30-55/011-1101.D,AVANTOR100X4_6C18-H2O-MEOH-2_5_44-MINS.M,empty,sequence,2023-03-16_RANDOM_WINES_REPEAT_44MIN_RUN_2023-03-16_17-30-55,DAD1G.ch,DAD1.UV
2023-03-17 00:21:51,17,/Users/jonathan/0_jono_data/2023-03-16_RANDOM_WINES_REPEAT_44MIN_RUN_2023-03-16_17-30-55/010-1001.D,AVANTOR100X4_6C18-H2O-MEOH-2_5_44-MINS.M,empty,sequence,2023-03-16_RANDOM_WINES_REPEAT_44MIN_RUN_2023-03-16_17-30-55,DAD1G.ch,DAD1.UV
2023-03-16 23:36:18,29,/Users/jonathan/0_jono_data/2023-03-16_RANDOM_WINES_REPEAT_44MIN_RUN_2023-03-16_17-30-55/009-0901.D,AVANTOR100X4_6C18-H2O-MEOH-2_5_44-MINS.M,empty,sequence,2023-03-16_RANDOM_WINES_REPEAT_44MIN_RUN_2023-03-16_17-30-55,DAD1G.ch,DAD1.UV
2023-03-16 22:50:45,13,/Users/jonathan/0_jono_data/2023-03-16_RANDOM_WINES_REPEAT_44MIN_RUN_2023-03-16_17-30-55/008-0801.D,AVANTOR100X4_6C18-H2O-MEOH-2_5_44-MINS.M,empty,sequence,2023-03-16_RANDOM_WINES_REPEAT_44MIN_RUN_2023-03-16_17-30-55,DAD1G.ch,DAD1.UV
2023-03-16 22:05:12,koerner_0221,/Users/jonathan/0_jono_data/2023-03-16_RANDOM_WINES_REPEAT_44MIN_RUN_2023-03-16_17-30-55/007-0701.D,AVANTOR100X4_6C18-H2O-MEOH-2_5_44-MINS.M,empty,sequence,2023-03-16_RANDOM_WINES_REPEAT_44MIN_RUN_2023-03-16_17-30-55,DAD1G.ch,DAD1.UV
2023-03-16 21:19:41,08,/Users/jonathan/0_jono_data/2023-03-16_RANDOM_WINES_REPEAT_44MIN_RUN_2023-03-16_17-30-55/006-0601.D,AVANTOR100X4_6C18-H2O-MEOH-2_5_44-MINS.M,empty,sequence,2023-03-16_RANDOM_WINES_REPEAT_44MIN_RUN_2023-03-16_17-30-55,DAD1G.ch,DAD1.UV
2023-03-16 20:34:08,09,/Users/jonathan/0_jono_data/2023-03-16_RANDOM_WINES_REPEAT_44MIN_RUN_2023-03-16_17-30-55/005-0501.D,AVANTOR100X4_6C18-H2O-MEOH-2_5_44-MINS.M,empty,sequence,2023-03-16_RANDOM_WINES_REPEAT_44MIN_RUN_2023-03-16_17-30-55,DAD1G.ch,DAD1.UV
2023-03-16 19:48:37,29,/Users/jonathan/0_jono_data/2023-03-16_RANDOM_WINES_REPEAT_44MIN_RUN_2023-03-16_17-30-55/004-0401.D,AVANTOR100X4_6C18-H2O-MEOH-2_5_44-MINS.M,empty,sequence,2023-03-16_RANDOM_WINES_REPEAT_44MIN_RUN_2023-03-16_17-30-55,DAD1G.ch,DAD1.UV
2023-03-16 19:03:06,13,/Users/jonathan/0_jono_data/2023-03-16_RANDOM_WINES_REPEAT_44MIN_RUN_2023-03-16_17-30-55/003-0301.D,AVANTOR100X4_6C18-H2O-MEOH-2_5_44-MINS.M,empty,sequence,2023-03-16_RANDOM_WINES_REPEAT_44MIN_RUN_2023-03-16_17-30-55,DAD1G.ch,DAD1.UV
2023-03-16 18:17:39,23,/Users/jonathan/0_jono_data/2023-03-16_RANDOM_WINES_REPEAT_44MIN_RUN_2023-03-16_17-30-55/002-0201.D,AVANTOR100X4_6C18-H2O-MEOH-2_5_44-MINS.M,empty,sequence,2023-03-16_RANDOM_WINES_REPEAT_44MIN_RUN_2023-03-16_17-30-55,DAD1G.ch,DAD1.UV
2023-03-16 17:31:00,nc2,/Users/jonathan/0_jono_data/2023-03-16_RANDOM_WINES_REPEAT_44MIN_RUN_2023-03-16_17-30-55/001-0101.D,AVANTOR100X4_6C18-H2O-MEOH-2_5_44-MINS.M,empty,sequence,2023-03-16_RANDOM_WINES_REPEAT_44MIN_RUN_2023-03-16_17-30-55,DAD1G.ch,DAD1.UV
2023-03-16 16:36:52,42,/Users/jonathan/0_jono_data/2023-03-16_RED-WINES-44MIN_2023-03-16_12-08-23/0006.D,AVANTOR100X4_6C18-H2O-MEOH-2_5.M,empty,sequence,2023-03-16_RED-WINES-44MIN_2023-03-16_12-08-23,"DAD1D.ch, DAD1E.ch, DAD1A.ch, DAD1F.ch, DAD1B.ch, DAD1C.ch, DAD1G.ch, DAD1H.ch",DAD1.UV
2023-03-16 15:43:08,41,/Users/jonathan/0_jono_data/2023-03-16_RED-WINES-44MIN_2023-03-16_12-08-23/0005.D,AVANTOR100X4_6C18-H2O-MEOH-2_5.M,empty,sequence,2023-03-16_RED-WINES-44MIN_2023-03-16_12-08-23,"DAD1D.ch, DAD1E.ch, DAD1A.ch, DAD1F.ch, DAD1B.ch, DAD1C.ch, DAD1G.ch, DAD1H.ch",DAD1.UV
2023-03-16 14:49:27,40,/Users/jonathan/0_jono_data/2023-03-16_RED-WINES-44MIN_2023-03-16_12-08-23/0004.D,AVANTOR100X4_6C18-H2O-MEOH-2_5.M,empty,sequence,2023-03-16_RED-WINES-44MIN_2023-03-16_12-08-23,"DAD1D.ch, DAD1E.ch, DAD1A.ch, DAD1F.ch, DAD1B.ch, DAD1C.ch, DAD1G.ch, DAD1H.ch",DAD1.UV
2023-03-16 13:55:46,39,/Users/jonathan/0_jono_data/2023-03-16_RED-WINES-44MIN_2023-03-16_12-08-23/0003.D,AVANTOR100X4_6C18-H2O-MEOH-2_5.M,empty,sequence,2023-03-16_RED-WINES-44MIN_2023-03-16_12-08-23,"DAD1D.ch, DAD1E.ch, DAD1A.ch, DAD1F.ch, DAD1B.ch, DAD1C.ch, DAD1G.ch, DAD1H.ch",DAD1.UV
2023-03-16 13:02:08,38,/Users/jonathan/0_jono_data/2023-03-16_RED-WINES-44MIN_2023-03-16_12-08-23/0002.D,AVANTOR100X4_6C18-H2O-MEOH-2_5.M,empty,sequence,2023-03-16_RED-WINES-44MIN_2023-03-16_12-08-23,"DAD1D.ch, DAD1E.ch, DAD1A.ch, DAD1F.ch, DAD1B.ch, DAD1C.ch, DAD1G.ch, DAD1H.ch",DAD1.UV
2023-03-16 12:08:28,34,/Users/jonathan/0_jono_data/2023-03-16_RED-WINES-44MIN_2023-03-16_12-08-23/0001.D,AVANTOR100X4_6C18-H2O-MEOH-2_5.M,empty,sequence,2023-03-16_RED-WINES-44MIN_2023-03-16_12-08-23,"DAD1D.ch, DAD1E.ch, DAD1A.ch, DAD1F.ch, DAD1B.ch, DAD1C.ch, DAD1G.ch, DAD1H.ch",DAD1.UV
2023-03-16 02:56:54,35,/Users/jonathan/0_jono_data/2023-03-15_WINE_DUPS_2023-03-15_22-17-47/024-1401.D,AVANTOR100X4_6C18-H2O-MEOH-2_5.M,empty,sequence,2023-03-15_WINE_DUPS_2023-03-15_22-17-47,"DAD1D.ch, DAD1E.ch, DAD1A.ch, DAD1F.ch, DAD1B.ch, DAD1C.ch, DAD1G.ch, DAD1H.ch",DAD1.UV
2023-03-16 02:56:54,35,/Users/jonathan/0_jono_data/2023-03-15_wine-dups.sequence/2023-03-15_WINE_DUPS_2023-03-15_22-17-47/024-1401.D,AVANTOR100X4_6C18-H2O-MEOH-2_5.M,empty,sequence,2023-03-15_WINE_DUPS_2023-03-15_22-17-47,"DAD1D.ch, DAD1E.ch, DAD1A.ch, DAD1F.ch, DAD1B.ch, DAD1C.ch, DAD1G.ch, DAD1H.ch",DAD1.UV
2023-03-16 02:03:14,34,/Users/jonathan/0_jono_data/2023-03-15_WINE_DUPS_2023-03-15_22-17-47/023-1301.D,AVANTOR100X4_6C18-H2O-MEOH-2_5.M,empty,sequence,2023-03-15_WINE_DUPS_2023-03-15_22-17-47,"DAD1D.ch, DAD1E.ch, DAD1A.ch, DAD1F.ch, DAD1B.ch, DAD1C.ch, DAD1G.ch, DAD1H.ch",DAD1.UV
2023-03-16 02:03:14,34,/Users/jonathan/0_jono_data/2023-03-15_wine-dups.sequence/2023-03-15_WINE_DUPS_2023-03-15_22-17-47/023-1301.D,AVANTOR100X4_6C18-H2O-MEOH-2_5.M,empty,sequence,2023-03-15_WINE_DUPS_2023-03-15_22-17-47,"DAD1D.ch, DAD1E.ch, DAD1A.ch, DAD1F.ch, DAD1B.ch, DAD1C.ch, DAD1G.ch, DAD1H.ch",DAD1.UV
2023-03-16 01:09:39,33,/Users/jonathan/0_jono_data/2023-03-15_wine-dups.sequence/2023-03-15_WINE_DUPS_2023-03-15_22-17-47/022-1201.D,AVANTOR100X4_6C18-H2O-MEOH-2_5.M,empty,sequence,2023-03-15_WINE_DUPS_2023-03-15_22-17-47,"DAD1D.ch, DAD1E.ch, DAD1A.ch, DAD1F.ch, DAD1B.ch, DAD1C.ch, DAD1G.ch, DAD1H.ch",DAD1.UV
2023-03-16 01:09:39,33,/Users/jonathan/0_jono_data/2023-03-15_WINE_DUPS_2023-03-15_22-17-47/022-1201.D,AVANTOR100X4_6C18-H2O-MEOH-2_5.M,empty,sequence,2023-03-15_WINE_DUPS_2023-03-15_22-17-47,"DAD1D.ch, DAD1E.ch, DAD1A.ch, DAD1F.ch, DAD1B.ch, DAD1C.ch, DAD1G.ch, DAD1H.ch",DAD1.UV
2023-03-16 00:16:08,32,/Users/jonathan/0_jono_data/2023-03-15_wine-dups.sequence/2023-03-15_WINE_DUPS_2023-03-15_22-17-47/021-1101.D,AVANTOR100X4_6C18-H2O-MEOH-2_5.M,empty,sequence,2023-03-15_WINE_DUPS_2023-03-15_22-17-47,"DAD1D.ch, DAD1E.ch, DAD1A.ch, DAD1F.ch, DAD1B.ch, DAD1C.ch, DAD1G.ch, DAD1H.ch",DAD1.UV
2023-03-16 00:16:08,32,/Users/jonathan/0_jono_data/2023-03-15_WINE_DUPS_2023-03-15_22-17-47/021-1101.D,AVANTOR100X4_6C18-H2O-MEOH-2_5.M,empty,sequence,2023-03-15_WINE_DUPS_2023-03-15_22-17-47,"DAD1D.ch, DAD1E.ch, DAD1A.ch, DAD1F.ch, DAD1B.ch, DAD1C.ch, DAD1G.ch, DAD1H.ch",DAD1.UV
2023-03-16 00:14:52,41,/Users/jonathan/0_jono_data/2023-03-15_WINE_DUPS_2023-03-15_22-17-47/020-1001.D,AVANTOR100X4_6C18-H2O-MEOH-2_5.M,empty,sequence,2023-03-15_WINE_DUPS_2023-03-15_22-17-47,"DAD1D.ch, DAD1E.ch, DAD1A.ch, DAD1F.ch, DAD1B.ch, DAD1C.ch, DAD1G.ch, DAD1H.ch",DAD1.UV
2023-03-16 00:14:52,41,/Users/jonathan/0_jono_data/2023-03-15_wine-dups.sequence/2023-03-15_WINE_DUPS_2023-03-15_22-17-47/020-1001.D,AVANTOR100X4_6C18-H2O-MEOH-2_5.M,empty,sequence,2023-03-15_WINE_DUPS_2023-03-15_22-17-47,"DAD1D.ch, DAD1E.ch, DAD1A.ch, DAD1F.ch, DAD1B.ch, DAD1C.ch, DAD1G.ch, DAD1H.ch",DAD1.UV
2023-03-16 00:13:37,40,/Users/jonathan/0_jono_data/2023-03-15_WINE_DUPS_2023-03-15_22-17-47/019-0901.D,AVANTOR100X4_6C18-H2O-MEOH-2_5.M,empty,sequence,2023-03-15_WINE_DUPS_2023-03-15_22-17-47,"DAD1D.ch, DAD1E.ch, DAD1A.ch, DAD1F.ch, DAD1B.ch, DAD1C.ch, DAD1G.ch, DAD1H.ch",DAD1.UV
2023-03-16 00:13:37,40,/Users/jonathan/0_jono_data/2023-03-15_wine-dups.sequence/2023-03-15_WINE_DUPS_2023-03-15_22-17-47/019-0901.D,AVANTOR100X4_6C18-H2O-MEOH-2_5.M,empty,sequence,2023-03-15_WINE_DUPS_2023-03-15_22-17-47,"DAD1D.ch, DAD1E.ch, DAD1A.ch, DAD1F.ch, DAD1B.ch, DAD1C.ch, DAD1G.ch, DAD1H.ch",DAD1.UV
2023-03-16 00:12:21,39,/Users/jonathan/0_jono_data/2023-03-15_wine-dups.sequence/2023-03-15_WINE_DUPS_2023-03-15_22-17-47/018-0801.D,AVANTOR100X4_6C18-H2O-MEOH-2_5.M,empty,sequence,2023-03-15_WINE_DUPS_2023-03-15_22-17-47,"DAD1D.ch, DAD1E.ch, DAD1A.ch, DAD1F.ch, DAD1B.ch, DAD1C.ch, DAD1G.ch, DAD1H.ch",DAD1.UV
2023-03-16 00:12:21,39,/Users/jonathan/0_jono_data/2023-03-15_WINE_DUPS_2023-03-15_22-17-47/018-0801.D,AVANTOR100X4_6C18-H2O-MEOH-2_5.M,empty,sequence,2023-03-15_WINE_DUPS_2023-03-15_22-17-47,"DAD1D.ch, DAD1E.ch, DAD1A.ch, DAD1F.ch, DAD1B.ch, DAD1C.ch, DAD1G.ch, DAD1H.ch",DAD1.UV
2023-03-16 00:11:06,38,/Users/jonathan/0_jono_data/2023-03-15_wine-dups.sequence/2023-03-15_WINE_DUPS_2023-03-15_22-17-47/017-0701.D,AVANTOR100X4_6C18-H2O-MEOH-2_5.M,empty,sequence,2023-03-15_WINE_DUPS_2023-03-15_22-17-47,"DAD1D.ch, DAD1E.ch, DAD1A.ch, DAD1F.ch, DAD1B.ch, DAD1C.ch, DAD1G.ch, DAD1H.ch",DAD1.UV
2023-03-16 00:11:06,38,/Users/jonathan/0_jono_data/2023-03-15_WINE_DUPS_2023-03-15_22-17-47/017-0701.D,AVANTOR100X4_6C18-H2O-MEOH-2_5.M,empty,sequence,2023-03-15_WINE_DUPS_2023-03-15_22-17-47,"DAD1D.ch, DAD1E.ch, DAD1A.ch, DAD1F.ch, DAD1B.ch, DAD1C.ch, DAD1G.ch, DAD1H.ch",DAD1.UV
2023-03-16 00:09:52,37,/Users/jonathan/0_jono_data/2023-03-15_WINE_DUPS_2023-03-15_22-17-47/016-0601.D,AVANTOR100X4_6C18-H2O-MEOH-2_5.M,empty,sequence,2023-03-15_WINE_DUPS_2023-03-15_22-17-47,"DAD1D.ch, DAD1E.ch, DAD1A.ch, DAD1F.ch, DAD1B.ch, DAD1C.ch, DAD1G.ch, DAD1H.ch",DAD1.UV
2023-03-16 00:09:52,37,/Users/jonathan/0_jono_data/2023-03-15_wine-dups.sequence/2023-03-15_WINE_DUPS_2023-03-15_22-17-47/016-0601.D,AVANTOR100X4_6C18-H2O-MEOH-2_5.M,empty,sequence,2023-03-15_WINE_DUPS_2023-03-15_22-17-47,"DAD1D.ch, DAD1E.ch, DAD1A.ch, DAD1F.ch, DAD1B.ch, DAD1C.ch, DAD1G.ch, DAD1H.ch",DAD1.UV
2023-03-16 00:08:37,36,/Users/jonathan/0_jono_data/2023-03-15_wine-dups.sequence/2023-03-15_WINE_DUPS_2023-03-15_22-17-47/015-0501.D,AVANTOR100X4_6C18-H2O-MEOH-2_5.M,empty,sequence,2023-03-15_WINE_DUPS_2023-03-15_22-17-47,"DAD1D.ch, DAD1E.ch, DAD1A.ch, DAD1F.ch, DAD1B.ch, DAD1C.ch, DAD1G.ch, DAD1H.ch",DAD1.UV
2023-03-16 00:08:37,36,/Users/jonathan/0_jono_data/2023-03-15_WINE_DUPS_2023-03-15_22-17-47/015-0501.D,AVANTOR100X4_6C18-H2O-MEOH-2_5.M,empty,sequence,2023-03-15_WINE_DUPS_2023-03-15_22-17-47,"DAD1D.ch, DAD1E.ch, DAD1A.ch, DAD1F.ch, DAD1B.ch, DAD1C.ch, DAD1G.ch, DAD1H.ch",DAD1.UV
2023-03-16 00:07:22,35,/Users/jonathan/0_jono_data/2023-03-15_wine-dups.sequence/2023-03-15_WINE_DUPS_2023-03-15_22-17-47/014-0401.D,AVANTOR100X4_6C18-H2O-MEOH-2_5.M,empty,sequence,2023-03-15_WINE_DUPS_2023-03-15_22-17-47,"DAD1D.ch, DAD1E.ch, DAD1A.ch, DAD1F.ch, DAD1B.ch, DAD1C.ch, DAD1G.ch, DAD1H.ch",DAD1.UV
2023-03-16 00:07:22,35,/Users/jonathan/0_jono_data/2023-03-15_WINE_DUPS_2023-03-15_22-17-47/014-0401.D,AVANTOR100X4_6C18-H2O-MEOH-2_5.M,empty,sequence,2023-03-15_WINE_DUPS_2023-03-15_22-17-47,"DAD1D.ch, DAD1E.ch, DAD1A.ch, DAD1F.ch, DAD1B.ch, DAD1C.ch, DAD1G.ch, DAD1H.ch",DAD1.UV
2023-03-16 00:06:07,34,/Users/jonathan/0_jono_data/2023-03-15_wine-dups.sequence/2023-03-15_WINE_DUPS_2023-03-15_22-17-47/013-0301.D,AVANTOR100X4_6C18-H2O-MEOH-2_5.M,empty,sequence,2023-03-15_WINE_DUPS_2023-03-15_22-17-47,"DAD1D.ch, DAD1E.ch, DAD1A.ch, DAD1F.ch, DAD1B.ch, DAD1C.ch, DAD1G.ch, DAD1H.ch",DAD1.UV
2023-03-16 00:06:07,34,/Users/jonathan/0_jono_data/2023-03-15_WINE_DUPS_2023-03-15_22-17-47/013-0301.D,AVANTOR100X4_6C18-H2O-MEOH-2_5.M,empty,sequence,2023-03-15_WINE_DUPS_2023-03-15_22-17-47,"DAD1D.ch, DAD1E.ch, DAD1A.ch, DAD1F.ch, DAD1B.ch, DAD1C.ch, DAD1G.ch, DAD1H.ch",DAD1.UV
2023-03-15 23:12:34,57,/Users/jonathan/0_jono_data/2023-03-15_WINE_DUPS_2023-03-15_22-17-47/012-0201.D,AVANTOR100X4_6C18-H2O-MEOH-2_5.M,empty,sequence,2023-03-15_WINE_DUPS_2023-03-15_22-17-47,"DAD1D.ch, DAD1E.ch, DAD1A.ch, DAD1F.ch, DAD1B.ch, DAD1C.ch, DAD1G.ch, DAD1H.ch",DAD1.UV
2023-03-15 23:12:34,57,/Users/jonathan/0_jono_data/2023-03-15_wine-dups.sequence/2023-03-15_WINE_DUPS_2023-03-15_22-17-47/012-0201.D,AVANTOR100X4_6C18-H2O-MEOH-2_5.M,empty,sequence,2023-03-15_WINE_DUPS_2023-03-15_22-17-47,"DAD1D.ch, DAD1E.ch, DAD1A.ch, DAD1F.ch, DAD1B.ch, DAD1C.ch, DAD1G.ch, DAD1H.ch",DAD1.UV
2023-03-15 22:17:50,56,/Users/jonathan/0_jono_data/2023-03-15_wine-dups.sequence/2023-03-15_WINE_DUPS_2023-03-15_22-17-47/011-0101.D,AVANTOR100X4_6C18-H2O-MEOH-2_5.M,empty,sequence,2023-03-15_WINE_DUPS_2023-03-15_22-17-47,"DAD1D.ch, DAD1E.ch, DAD1A.ch, DAD1F.ch, DAD1B.ch, DAD1C.ch, DAD1G.ch, DAD1H.ch",DAD1.UV
2023-03-15 22:17:50,56,/Users/jonathan/0_jono_data/2023-03-15_WINE_DUPS_2023-03-15_22-17-47/011-0101.D,AVANTOR100X4_6C18-H2O-MEOH-2_5.M,empty,sequence,2023-03-15_WINE_DUPS_2023-03-15_22-17-47,"DAD1D.ch, DAD1E.ch, DAD1A.ch, DAD1F.ch, DAD1B.ch, DAD1C.ch, DAD1G.ch, DAD1H.ch",DAD1.UV
2023-03-15 21:23:50,57,/Users/jonathan/0_jono_data/WINES_2023-03-15_11-33-51/012-1201.D,AVANTOR100X4_6C18-H2O-MEOH-2_5.M,empty,sequence,WINES_2023-03-15_11-33-51,"DAD1D.ch, DAD1E.ch, DAD1A.ch, DAD1F.ch, DAD1B.ch, DAD1C.ch, DAD1G.ch, DAD1H.ch",DAD1.UV
2023-03-15 20:30:17,56,/Users/jonathan/0_jono_data/WINES_2023-03-15_11-33-51/011-1101.D,AVANTOR100X4_6C18-H2O-MEOH-2_5.M,empty,sequence,WINES_2023-03-15_11-33-51,"DAD1D.ch, DAD1E.ch, DAD1A.ch, DAD1F.ch, DAD1B.ch, DAD1C.ch, DAD1G.ch, DAD1H.ch",DAD1.UV
2023-03-15 19:36:37,55,/Users/jonathan/0_jono_data/WINES_2023-03-15_11-33-51/010-1001.D,AVANTOR100X4_6C18-H2O-MEOH-2_5.M,empty,sequence,WINES_2023-03-15_11-33-51,"DAD1D.ch, DAD1E.ch, DAD1A.ch, DAD1F.ch, DAD1B.ch, DAD1C.ch, DAD1G.ch, DAD1H.ch",DAD1.UV
2023-03-15 18:43:00,54,/Users/jonathan/0_jono_data/WINES_2023-03-15_11-33-51/009-0901.D,AVANTOR100X4_6C18-H2O-MEOH-2_5.M,empty,sequence,WINES_2023-03-15_11-33-51,"DAD1D.ch, DAD1E.ch, DAD1A.ch, DAD1F.ch, DAD1B.ch, DAD1C.ch, DAD1G.ch, DAD1H.ch",DAD1.UV
2023-03-15 17:49:22,53,/Users/jonathan/0_jono_data/WINES_2023-03-15_11-33-51/008-0801.D,AVANTOR100X4_6C18-H2O-MEOH-2_5.M,empty,sequence,WINES_2023-03-15_11-33-51,"DAD1D.ch, DAD1E.ch, DAD1A.ch, DAD1F.ch, DAD1B.ch, DAD1C.ch, DAD1G.ch, DAD1H.ch",DAD1.UV
2023-03-15 16:55:44,52,/Users/jonathan/0_jono_data/WINES_2023-03-15_11-33-51/007-0701.D,AVANTOR100X4_6C18-H2O-MEOH-2_5.M,empty,sequence,WINES_2023-03-15_11-33-51,"DAD1D.ch, DAD1E.ch, DAD1A.ch, DAD1F.ch, DAD1B.ch, DAD1C.ch, DAD1G.ch, DAD1H.ch",DAD1.UV
2023-03-15 16:02:06,51,/Users/jonathan/0_jono_data/WINES_2023-03-15_11-33-51/006-0601.D,AVANTOR100X4_6C18-H2O-MEOH-2_5.M,empty,sequence,WINES_2023-03-15_11-33-51,"DAD1D.ch, DAD1E.ch, DAD1A.ch, DAD1F.ch, DAD1B.ch, DAD1C.ch, DAD1G.ch, DAD1H.ch",DAD1.UV
2023-03-15 15:08:25,50,/Users/jonathan/0_jono_data/WINES_2023-03-15_11-33-51/005-0501.D,AVANTOR100X4_6C18-H2O-MEOH-2_5.M,empty,sequence,WINES_2023-03-15_11-33-51,"DAD1D.ch, DAD1E.ch, DAD1A.ch, DAD1F.ch, DAD1B.ch, DAD1C.ch, DAD1G.ch, DAD1H.ch",DAD1.UV
2023-03-15 14:14:46,49,/Users/jonathan/0_jono_data/WINES_2023-03-15_11-33-51/004-0401.D,AVANTOR100X4_6C18-H2O-MEOH-2_5.M,empty,sequence,WINES_2023-03-15_11-33-51,"DAD1D.ch, DAD1E.ch, DAD1A.ch, DAD1F.ch, DAD1B.ch, DAD1C.ch, DAD1G.ch, DAD1H.ch",DAD1.UV
2023-03-15 13:21:07,48,/Users/jonathan/0_jono_data/WINES_2023-03-15_11-33-51/003-0301.D,AVANTOR100X4_6C18-H2O-MEOH-2_5.M,empty,sequence,WINES_2023-03-15_11-33-51,"DAD1D.ch, DAD1E.ch, DAD1A.ch, DAD1F.ch, DAD1B.ch, DAD1C.ch, DAD1G.ch, DAD1H.ch",DAD1.UV
2023-03-15 12:27:32,47,/Users/jonathan/0_jono_data/WINES_2023-03-15_11-33-51/002-0201.D,AVANTOR100X4_6C18-H2O-MEOH-2_5.M,empty,sequence,WINES_2023-03-15_11-33-51,"DAD1D.ch, DAD1E.ch, DAD1A.ch, DAD1F.ch, DAD1B.ch, DAD1C.ch, DAD1G.ch, DAD1H.ch",DAD1.UV
2023-03-15 11:33:56,46,/Users/jonathan/0_jono_data/WINES_2023-03-15_11-33-51/001-0101.D,AVANTOR100X4_6C18-H2O-MEOH-2_5.M,empty,sequence,WINES_2023-03-15_11-33-51,"DAD1D.ch, DAD1E.ch, DAD1A.ch, DAD1F.ch, DAD1B.ch, DAD1C.ch, DAD1G.ch, DAD1H.ch",DAD1.UV
2023-03-15 07:26:52,45,/Users/jonathan/0_jono_data/2023-03-14_WINES_2023-03-14_19-49-27/014-1401.D,AVANTOR100X4_6C18-H2O-MEOH-2_5.M,empty,sequence,2023-03-14_WINES_2023-03-14_19-49-27,"DAD1D.ch, DAD1E.ch, DAD1A.ch, DAD1F.ch, DAD1B.ch, DAD1C.ch, DAD1G.ch, DAD1H.ch",DAD1.UV
2023-03-15 06:33:15,44,/Users/jonathan/0_jono_data/2023-03-14_WINES_2023-03-14_19-49-27/013-1301.D,AVANTOR100X4_6C18-H2O-MEOH-2_5.M,empty,sequence,2023-03-14_WINES_2023-03-14_19-49-27,"DAD1D.ch, DAD1E.ch, DAD1A.ch, DAD1F.ch, DAD1B.ch, DAD1C.ch, DAD1G.ch, DAD1H.ch",DAD1.UV
2023-03-15 05:39:39,43,/Users/jonathan/0_jono_data/2023-03-14_WINES_2023-03-14_19-49-27/012-1201.D,AVANTOR100X4_6C18-H2O-MEOH-2_5.M,empty,sequence,2023-03-14_WINES_2023-03-14_19-49-27,"DAD1D.ch, DAD1E.ch, DAD1A.ch, DAD1F.ch, DAD1B.ch, DAD1C.ch, DAD1G.ch, DAD1H.ch",DAD1.UV
2023-03-15 04:46:02,42,/Users/jonathan/0_jono_data/2023-03-14_WINES_2023-03-14_19-49-27/011-1101.D,AVANTOR100X4_6C18-H2O-MEOH-2_5.M,empty,sequence,2023-03-14_WINES_2023-03-14_19-49-27,"DAD1D.ch, DAD1E.ch, DAD1A.ch, DAD1F.ch, DAD1B.ch, DAD1C.ch, DAD1G.ch, DAD1H.ch",DAD1.UV
2023-03-15 03:52:19,41,/Users/jonathan/0_jono_data/2023-03-14_WINES_2023-03-14_19-49-27/010-1001.D,AVANTOR100X4_6C18-H2O-MEOH-2_5.M,empty,sequence,2023-03-14_WINES_2023-03-14_19-49-27,"DAD1D.ch, DAD1E.ch, DAD1A.ch, DAD1F.ch, DAD1B.ch, DAD1C.ch, DAD1G.ch, DAD1H.ch",DAD1.UV
2023-03-15 02:58:37,40,/Users/jonathan/0_jono_data/2023-03-14_WINES_2023-03-14_19-49-27/009-0901.D,AVANTOR100X4_6C18-H2O-MEOH-2_5.M,empty,sequence,2023-03-14_WINES_2023-03-14_19-49-27,"DAD1D.ch, DAD1E.ch, DAD1A.ch, DAD1F.ch, DAD1B.ch, DAD1C.ch, DAD1G.ch, DAD1H.ch",DAD1.UV
2023-03-15 02:04:55,39,/Users/jonathan/0_jono_data/2023-03-14_WINES_2023-03-14_19-49-27/008-0801.D,AVANTOR100X4_6C18-H2O-MEOH-2_5.M,empty,sequence,2023-03-14_WINES_2023-03-14_19-49-27,"DAD1D.ch, DAD1E.ch, DAD1A.ch, DAD1F.ch, DAD1B.ch, DAD1C.ch, DAD1G.ch, DAD1H.ch",DAD1.UV
2023-03-15 01:11:14,38,/Users/jonathan/0_jono_data/2023-03-14_WINES_2023-03-14_19-49-27/007-0701.D,AVANTOR100X4_6C18-H2O-MEOH-2_5.M,empty,sequence,2023-03-14_WINES_2023-03-14_19-49-27,"DAD1D.ch, DAD1E.ch, DAD1A.ch, DAD1F.ch, DAD1B.ch, DAD1C.ch, DAD1G.ch, DAD1H.ch",DAD1.UV
2023-03-15 00:17:37,37,/Users/jonathan/0_jono_data/2023-03-14_WINES_2023-03-14_19-49-27/006-0601.D,AVANTOR100X4_6C18-H2O-MEOH-2_5.M,empty,sequence,2023-03-14_WINES_2023-03-14_19-49-27,"DAD1D.ch, DAD1E.ch, DAD1A.ch, DAD1F.ch, DAD1B.ch, DAD1C.ch, DAD1G.ch, DAD1H.ch",DAD1.UV
2023-03-14 23:23:59,36,/Users/jonathan/0_jono_data/2023-03-14_WINES_2023-03-14_19-49-27/005-0501.D,AVANTOR100X4_6C18-H2O-MEOH-2_5.M,empty,sequence,2023-03-14_WINES_2023-03-14_19-49-27,"DAD1D.ch, DAD1E.ch, DAD1A.ch, DAD1F.ch, DAD1B.ch, DAD1C.ch, DAD1G.ch, DAD1H.ch",DAD1.UV
2023-03-14 22:30:23,35,/Users/jonathan/0_jono_data/2023-03-14_WINES_2023-03-14_19-49-27/004-0401.D,AVANTOR100X4_6C18-H2O-MEOH-2_5.M,empty,sequence,2023-03-14_WINES_2023-03-14_19-49-27,"DAD1D.ch, DAD1E.ch, DAD1A.ch, DAD1F.ch, DAD1B.ch, DAD1C.ch, DAD1G.ch, DAD1H.ch",DAD1.UV
2023-03-14 21:36:43,34,/Users/jonathan/0_jono_data/2023-03-14_WINES_2023-03-14_19-49-27/003-0301.D,AVANTOR100X4_6C18-H2O-MEOH-2_5.M,empty,sequence,2023-03-14_WINES_2023-03-14_19-49-27,"DAD1D.ch, DAD1E.ch, DAD1A.ch, DAD1F.ch, DAD1B.ch, DAD1C.ch, DAD1G.ch, DAD1H.ch",DAD1.UV
2023-03-14 20:43:05,33,/Users/jonathan/0_jono_data/2023-03-14_WINES_2023-03-14_19-49-27/002-0201.D,AVANTOR100X4_6C18-H2O-MEOH-2_5.M,empty,sequence,2023-03-14_WINES_2023-03-14_19-49-27,"DAD1D.ch, DAD1E.ch, DAD1A.ch, DAD1F.ch, DAD1B.ch, DAD1C.ch, DAD1G.ch, DAD1H.ch",DAD1.UV
2023-03-14 19:49:30,32,/Users/jonathan/0_jono_data/2023-03-14_WINES_2023-03-14_19-49-27/001-0101.D,AVANTOR100X4_6C18-H2O-MEOH-2_5.M,empty,sequence,2023-03-14_WINES_2023-03-14_19-49-27,"DAD1D.ch, DAD1E.ch, DAD1A.ch, DAD1F.ch, DAD1B.ch, DAD1C.ch, DAD1G.ch, DAD1H.ch",DAD1.UV
2023-03-14 19:36:34,32,/Users/jonathan/0_jono_data/2023-03-14_WINES_2023-03-14_19-36-31/001-0101.D,AVANTOR100X4_6C18-H2O-MEOH-2_5.M,empty,sequence,2023-03-14_WINES_2023-03-14_19-36-31,,
2023-03-14 19:20:05,32,/Users/jonathan/0_jono_data/2023-03-14_WINES_2023-03-14_19-20-01/001-0101.D,AVANTOR100X4_6C18-H2O-MEOH-2_5.M,empty,sequence,2023-03-14_WINES_2023-03-14_19-20-01,"DAD1D.ch, DAD1E.ch, DAD1A.ch, DAD1F.ch, DAD1B.ch, DAD1C.ch, DAD1G.ch, DAD1H.ch",DAD1.UV
2023-03-14 17:03:35,2021-debortoli-cabernet-merlot_avantor,/Users/jonathan/0_jono_data/2023-03-14_2021-DEBORTOLI-CABERNET-MERLOT_AVANTOR_5.D,AVANTOR100X4_6C18-H2O-MEOH-2_1.M,"avantor-150-x-4.6-C18-H2O-MEOH-2.5%--gradient.-water-has-been-changed,-and-now-the-aircon-is-off,-downward-gradient-is-looking-at-about--0.036-mAU-/-min.-Let's-run-it-and-find-out-how-it-goes!",single run,,"DAD1D.ch, DAD1E.ch, DAD1A.ch, DAD1F.ch, DAD1B.ch, DAD1C.ch, DAD1G.ch, DAD1H.ch",DAD1.UV
2023-03-14 14:40:28,2021-debortoli-cabernet-merlot_avantor,/Users/jonathan/0_jono_data/2023-03-14_2021-DEBORTOLI-CABERNET-MERLOT_AVANTOR_4.D,AVANTOR100X4_6C18-H2O-MEOH-2_5.M,"avantor-150-x-4.6-C18-H2O-MEOH-2.5%--gradient.-Have-changed-the-water-on-this-one,-looking-to-see-whether-there-was-carbonic-acid-forming-in-the-water-mobile-phase-reservior.",single run,,"DAD1D.ch, DAD1E.ch, DAD1A.ch, DAD1F.ch, DAD1B.ch, DAD1C.ch, DAD1G.ch, DAD1H.ch",DAD1.UV
2023-03-14 14:09:56,2021-debortoli-cabernet-merlot_avantor,/Users/jonathan/0_jono_data/2023-03-14_2021-DEBORTOLI-CABERNET-MERLOT_AVANTOR_3.D,AVANTOR100X4_6C18-H2O-MEOH-2_5.M,"avantor-150-x-4.6-C18-H2O-MEOH-2.5%--gradient.-Have-changed-the-water-on-this-one,-looking-to-see-whether-there-was-carbonic-acid-forming-in-the-water-mobile-phase-reservior.",single run,,"DAD1D.ch, DAD1E.ch, DAD1A.ch, DAD1F.ch, DAD1B.ch, DAD1C.ch, DAD1G.ch, DAD1H.ch",DAD1.UV
2023-03-14 12:35:50,2021-debortoli-cabernet-merlot_avantor,/Users/jonathan/0_jono_data/2023-03-14_2021-DEBORTOLI-CABERNET-MERLOT_AVANTOR_2.D,AVANTOR100X4_6C18-H2O-MEOH-2_5.M,avantor-150-x-4.6-C18-H2O-MEOH-2.5%--gradient,single run,,"DAD1D.ch, DAD1E.ch, DAD1A.ch, DAD1F.ch, DAD1B.ch, DAD1C.ch, DAD1G.ch, DAD1H.ch",DAD1.UV
2023-03-14 11:20:41,2021-debortoli-cabernet-merlot_avantor,/Users/jonathan/0_jono_data/2023-03-14_2021-DEBORTOLI-CABERNET-MERLOT_AVANTOR.D,AVANTOR100X4_6C18-H2O-MEOH-2_5_44-MINS.M,avantor-150-x-4.6-C18-H2O-MEOH-2.5%--gradient,single run,,"DAD1D.ch, DAD1E.ch, DAD1A.ch, DAD1F.ch, DAD1B.ch, DAD1C.ch, DAD1G.ch, DAD1H.ch",DAD1.UV
2023-03-07 18:25:35,0281,/Users/jonathan/0_jono_data/2023-03-01-void_time_study/2023-03-07_16-52-04_WINES-WITHOUT-URACIL_2023-03-07_18-25-32/0013.D,AVANTOR100X4_6C18-H2O-MEOH-2_1.M,empty,sequence,2023-03-07_16-52-04_WINES-WITHOUT-URACIL_2023-03-07_18-25-32,,
2023-03-07 18:24:09,0281,/Users/jonathan/0_jono_data/2023-03-01-void_time_study/2023-03-07_16-17-04_WINES-WITH-URACIL_2023-03-07_18-24-05/0025.D,AVANTOR100X4_6C18-H2O-MEOH-2_1.M,empty,sequence,2023-03-07_16-17-04_WINES-WITH-URACIL_2023-03-07_18-24-05,,
2023-03-07 18:20:56,2021-debortoli-cabernet-merlot_avantor,/Users/jonathan/0_jono_data/2023-03-07_2021-DEBORTOLI-CABERNET-MERLOT_AVANTOR.D,AVANTOR100X4_6C18-H2O-MEOH-2_1.M,avantor-150-x-4.6-C18-H2O-MEOH-2.1%--gradient,single run,,,
2023-03-07 17:47:24,0281,/Users/jonathan/0_jono_data/2023-03-01-void_time_study/2023-03-07_16-52-04_WINES-WITHOUT-URACIL_2023-03-07_17-47-21/0007.D,AVANTOR100X4_6C18-H2O-MEOH-2_1.M,empty,sequence,2023-03-07_16-52-04_WINES-WITHOUT-URACIL_2023-03-07_17-47-21,,
2023-03-07 17:39:27,0281,/Users/jonathan/0_jono_data/2023-03-01-void_time_study/2023-03-07_16-17-04_WINES-WITH-URACIL_2023-03-07_17-39-24/0019.D,AVANTOR100X4_6C18-H2O-MEOH-2_1.M,empty,sequence,2023-03-07_16-17-04_WINES-WITH-URACIL_2023-03-07_17-39-24,,
2023-03-07 17:38:45,0281,/Users/jonathan/0_jono_data/2023-03-01-void_time_study/2023-03-07_16-52-04_WINES-WITHOUT-URACIL_2023-03-07_17-38-42/0001.D,AVANTOR100X4_6C18-H2O-MEOH-2_1.M,empty,sequence,2023-03-07_16-52-04_WINES-WITHOUT-URACIL_2023-03-07_17-38-42,,
2023-03-07 17:37:44,0281,/Users/jonathan/0_jono_data/2023-03-01-void_time_study/2023-03-07_16-52-04_WINES-WITHOUT-URACIL_2023-03-07_17-37-41/0001.D,AVANTOR100X4_6C18-H2O-MEOH-2_1.M,empty,sequence,2023-03-07_16-52-04_WINES-WITHOUT-URACIL_2023-03-07_17-37-41,,
2023-03-07 17:36:07,0281,/Users/jonathan/0_jono_data/2023-03-01-void_time_study/2023-03-07_16-17-04_WINES-WITH-URACIL_2023-03-07_17-36-02/0013.D,AVANTOR100X4_6C18-H2O-MEOH-2_1.M,empty,sequence,2023-03-07_16-17-04_WINES-WITH-URACIL_2023-03-07_17-36-02,,
2023-03-07 17:30:50,0281,/Users/jonathan/0_jono_data/2023-03-01-void_time_study/2023-03-07_16-17-04_WINES-WITH-URACIL_2023-03-07_17-30-47/0007.D,AVANTOR100X4_6C18-H2O-MEOH-2_1.M,empty,sequence,2023-03-07_16-17-04_WINES-WITH-URACIL_2023-03-07_17-30-47,,
2023-03-07 16:34:33,0281,/Users/jonathan/0_jono_data/2023-03-01-void_time_study/2023-03-07_16-17-04_WINES-WITH-URACIL_2023-03-07_16-34-28/0001.D,AVANTOR100X4_6C18-H2O-MEOH-2_1.M,empty,sequence,2023-03-07_16-17-04_WINES-WITH-URACIL_2023-03-07_16-34-28,"DAD1D.ch, DAD1E.ch, DAD1A.ch, DAD1F.ch, DAD1B.ch, DAD1C.ch, DAD1G.ch, DAD1H.ch",DAD1.UV
2023-03-07 15:27:06,debortoli-uracil,/Users/jonathan/0_jono_data/2023-03-01-void_time_study/2023-03-07_DEBORTOLI-URACIL_001.D,HALO150X4_6C18-H2O-MEOH-2_1.M,avantor-150-x-4.6-C18-H2O-MEOH-2.1%--gradient,single run,,"DAD1D.ch, DAD1E.ch, DAD1A.ch, DAD1F.ch, DAD1B.ch, DAD1C.ch, DAD1G.ch, DAD1H.ch",DAD1.UV
2023-03-07 15:27:06,debortoli-uracil,/Users/jonathan/0_jono_data/2023-03-07_DEBORTOLI-URACIL_001.D,HALO150X4_6C18-H2O-MEOH-2_1.M,avantor-150-x-4.6-C18-H2O-MEOH-2.1%--gradient,single run,,"DAD1D.ch, DAD1E.ch, DAD1A.ch, DAD1F.ch, DAD1B.ch, DAD1C.ch, DAD1G.ch, DAD1H.ch",DAD1.UV
2023-03-07 15:09:27,uracil,/Users/jonathan/0_jono_data/2023-03-01-void_time_study/2023-03-07_URACIL_002.D,AVANTOR100X4_6C18-H2O-MEOH-2-1_URACIL.M,avantor-150-x-4.6-C18-H2O-MEOH-2.1%--gradient,single run,,"DAD1A.ch, DAD1B.ch, DAD1C.ch",DAD1.UV
2023-03-07 15:09:27,uracil,/Users/jonathan/0_jono_data/2023-03-07_URACIL_002.D,AVANTOR100X4_6C18-H2O-MEOH-2-1_URACIL.M,avantor-150-x-4.6-C18-H2O-MEOH-2.1%--gradient,single run,,"DAD1A.ch, DAD1B.ch, DAD1C.ch",DAD1.UV
2023-03-07 15:03:52,uracil,/Users/jonathan/0_jono_data/2023-03-01-void_time_study/2023-03-07_URACIL_001.D,AVANTOR100X4_6C18-H2O-MEOH-2-1_URACIL.M,avantor-150-x-4.6-C18-H2O-MEOH-2.1%--gradient,single run,,"DAD1A.ch, DAD1B.ch, DAD1C.ch",DAD1.UV
2023-03-07 15:03:52,uracil,/Users/jonathan/0_jono_data/2023-03-07_URACIL_001.D,AVANTOR100X4_6C18-H2O-MEOH-2-1_URACIL.M,avantor-150-x-4.6-C18-H2O-MEOH-2.1%--gradient,single run,,"DAD1A.ch, DAD1B.ch, DAD1C.ch",DAD1.UV
2023-03-07 13:08:39,debertoli_cs,/Users/jonathan/0_jono_data/2023-03-07_DEBERTOLI_CS_001.D,AVANTOR100X4_6C18-H2O-MEOH-2_1.M,avantor-150-x-4.6-C18-H2O-MEOH-2.1%--gradient,single run,,"DAD1D.ch, DAD1E.ch, DAD1A.ch, DAD1F.ch, DAD1B.ch, DAD1C.ch, DAD1G.ch, DAD1H.ch",DAD1.UV
2023-03-07 12:52:12,toulene,/Users/jonathan/0_jono_data/TOULENE_002.D,AVANTOR100X4_6C18-H2O-MEOH-2_1.M,avantor-150-x-4.6-C18-H2O-MEOH-2.1%--gradient,single run,,,
2023-03-01 17:22:18,acetone0006,/Users/jonathan/0_jono_data/2023-03-01-void_time_study/2023-03-01_15-22-02_ACETONE_VOID-VOL-MEASUREMENT.SEQUENCE/ACETONE0006.D,AVANTOR100X4_6C18-H2O-MEOH-11-3_VOID-VOL.M,empty,sequence,2023-03-01_15-22-02_ACETONE_VOID-VOL-MEASUREMENT.SEQUENCE,"DAD1D.ch, DAD1E.ch, DAD1A.ch, DAD1F.ch, DAD1B.ch, DAD1C.ch",
2023-03-01 17:22:18,acetone0006,/Users/jonathan/0_jono_data/2023-03-01_15-22-02_ACETONE_VOID-VOL-MEASUREMENT.sequence/ACETONE0006.D,AVANTOR100X4_6C18-H2O-MEOH-11-3_VOID-VOL.M,empty,sequence,2023-03-01_15-22-02_ACETONE_VOID-VOL-MEASUREMENT.sequence,"DAD1D.ch, DAD1E.ch, DAD1A.ch, DAD1F.ch, DAD1B.ch, DAD1C.ch",
2023-03-01 17:02:51,acetone0005,/Users/jonathan/0_jono_data/2023-03-01-void_time_study/2023-03-01_15-22-02_ACETONE_VOID-VOL-MEASUREMENT.SEQUENCE/ACETONE0005.D,AVANTOR100X4_6C18-H2O-MEOH-11-3_VOID-VOL.M,empty,sequence,2023-03-01_15-22-02_ACETONE_VOID-VOL-MEASUREMENT.SEQUENCE,"DAD1D.ch, DAD1E.ch, DAD1A.ch, DAD1F.ch, DAD1B.ch, DAD1C.ch",
2023-03-01 17:02:51,acetone0005,/Users/jonathan/0_jono_data/2023-03-01_15-22-02_ACETONE_VOID-VOL-MEASUREMENT.sequence/ACETONE0005.D,AVANTOR100X4_6C18-H2O-MEOH-11-3_VOID-VOL.M,empty,sequence,2023-03-01_15-22-02_ACETONE_VOID-VOL-MEASUREMENT.sequence,"DAD1D.ch, DAD1E.ch, DAD1A.ch, DAD1F.ch, DAD1B.ch, DAD1C.ch",
2023-03-01 16:43:21,acetone0004,/Users/jonathan/0_jono_data/2023-03-01_15-22-02_ACETONE_VOID-VOL-MEASUREMENT.sequence/ACETONE0004.D,AVANTOR100X4_6C18-H2O-MEOH-11-3_VOID-VOL.M,empty,sequence,2023-03-01_15-22-02_ACETONE_VOID-VOL-MEASUREMENT.sequence,"DAD1D.ch, DAD1E.ch, DAD1A.ch, DAD1F.ch, DAD1B.ch, DAD1C.ch",
2023-03-01 16:43:21,acetone0004,/Users/jonathan/0_jono_data/2023-03-01-void_time_study/2023-03-01_15-22-02_ACETONE_VOID-VOL-MEASUREMENT.SEQUENCE/ACETONE0004.D,AVANTOR100X4_6C18-H2O-MEOH-11-3_VOID-VOL.M,empty,sequence,2023-03-01_15-22-02_ACETONE_VOID-VOL-MEASUREMENT.SEQUENCE,"DAD1D.ch, DAD1E.ch, DAD1A.ch, DAD1F.ch, DAD1B.ch, DAD1C.ch",
2023-03-01 16:23:51,acetone0003,/Users/jonathan/0_jono_data/2023-03-01_15-22-02_ACETONE_VOID-VOL-MEASUREMENT.sequence/ACETONE0003.D,AVANTOR100X4_6C18-H2O-MEOH-11-3_VOID-VOL.M,empty,sequence,2023-03-01_15-22-02_ACETONE_VOID-VOL-MEASUREMENT.sequence,"DAD1D.ch, DAD1E.ch, DAD1A.ch, DAD1F.ch, DAD1B.ch, DAD1C.ch",
2023-03-01 16:23:51,acetone0003,/Users/jonathan/0_jono_data/2023-03-01-void_time_study/2023-03-01_15-22-02_ACETONE_VOID-VOL-MEASUREMENT.SEQUENCE/ACETONE0003.D,AVANTOR100X4_6C18-H2O-MEOH-11-3_VOID-VOL.M,empty,sequence,2023-03-01_15-22-02_ACETONE_VOID-VOL-MEASUREMENT.SEQUENCE,"DAD1D.ch, DAD1E.ch, DAD1A.ch, DAD1F.ch, DAD1B.ch, DAD1C.ch",
2023-03-01 16:04:20,acetone0002,/Users/jonathan/0_jono_data/2023-03-01-void_time_study/2023-03-01_15-22-02_ACETONE_VOID-VOL-MEASUREMENT.SEQUENCE/ACETONE0002.D,AVANTOR100X4_6C18-H2O-MEOH-11-3_VOID-VOL.M,empty,sequence,2023-03-01_15-22-02_ACETONE_VOID-VOL-MEASUREMENT.SEQUENCE,"DAD1D.ch, DAD1E.ch, DAD1A.ch, DAD1F.ch, DAD1B.ch, DAD1C.ch",
2023-03-01 16:04:20,acetone0002,/Users/jonathan/0_jono_data/2023-03-01_15-22-02_ACETONE_VOID-VOL-MEASUREMENT.sequence/ACETONE0002.D,AVANTOR100X4_6C18-H2O-MEOH-11-3_VOID-VOL.M,empty,sequence,2023-03-01_15-22-02_ACETONE_VOID-VOL-MEASUREMENT.sequence,"DAD1D.ch, DAD1E.ch, DAD1A.ch, DAD1F.ch, DAD1B.ch, DAD1C.ch",
2023-03-01 15:44:24,acetone0001,/Users/jonathan/0_jono_data/2023-03-01-void_time_study/2023-03-01_15-22-02_ACETONE_VOID-VOL-MEASUREMENT.SEQUENCE/ACETONE0001.D,AVANTOR100X4_6C18-H2O-MEOH-11-3_VOID-VOL.M,empty,sequence,2023-03-01_15-22-02_ACETONE_VOID-VOL-MEASUREMENT.SEQUENCE,"DAD1D.ch, DAD1E.ch, DAD1A.ch, DAD1F.ch, DAD1B.ch, DAD1C.ch",
2023-03-01 15:44:24,acetone0001,/Users/jonathan/0_jono_data/2023-03-01_15-22-02_ACETONE_VOID-VOL-MEASUREMENT.sequence/ACETONE0001.D,AVANTOR100X4_6C18-H2O-MEOH-11-3_VOID-VOL.M,empty,sequence,2023-03-01_15-22-02_ACETONE_VOID-VOL-MEASUREMENT.sequence,"DAD1D.ch, DAD1E.ch, DAD1A.ch, DAD1F.ch, DAD1B.ch, DAD1C.ch",
2023-03-01 13:52:53,acetone_void-vol-check,/Users/jonathan/0_jono_data/2023-03-01_ACETONE_VOID-VOL-CHECK.D,AVANTOR100X4_6C18-H2O-MEOH-2_1_VOID-VOL.M,avantor-150-x-4.6-C18-H2O-MEOH-2.1%--gradient,single run,,"DAD1A.ch, DAD1B.ch",
2023-03-01 12:25:43,lor-ristretto_column-check,/Users/jonathan/0_jono_data/2023-03-01_LOR-RISTRETTO_COLUMN-CHECK.D,AVANTOR100X4_6C18-H2O-MEOH-2_1.M,avantor-150-x-4.6-C18-H2O-MEOH-2.1%--gradient,single run,,"DAD1D.ch, DAD1E.ch, DAD1A.ch, DAD1F.ch, DAD1B.ch, DAD1C.ch",DAD1.UV
2023-02-23 12:21:12,2021-debortoli-cabernet-merlot_avantor,/Users/jonathan/0_jono_data/2023-02-23_2021-DEBORTOLI-CABERNET-MERLOT_AVANTOR.D,AVANTOR100X4_6C18-H2O-MEOH-2_1.M,avantor-150-x-4.6-C18-H2O-MEOH-2.1%--gradient,single run,,"DAD1D.ch, DAD1E.ch, DAD1A.ch, DAD1F.ch, DAD1B.ch, DAD1C.ch",DAD1.UV
2023-02-23 11:25:03,lor-ristretto,/Users/jonathan/0_jono_data/2023-02-23_LOR-RISTRETTO.D,AVANTOR100X4_6C18-H2O-MEOH-2_1.M,avantor-150-x-4.6-C18-H2O-MEOH-2.1%--gradientperformance-check,single run,,"DAD1D.ch, DAD1E.ch, DAD1A.ch, DAD1F.ch, DAD1B.ch, DAD1C.ch",DAD1.UV
2023-02-22 17:39:06,2021-debortoli-cabernet-merlot_avantor,/Users/jonathan/0_jono_data/2023-02-22_2021-DEBORTOLI-CABERNET-MERLOT_AVANTOR.D,AVANTOR100X4_6C18-H2O-MEOH-2_1.M,halo-150-x-4.6-C18-H2O-MEOH-2.1%--gradient,single run,,"DAD1D.ch, DAD1E.ch, DAD1A.ch, DAD1F.ch, DAD1B.ch, DAD1C.ch",DAD1.UV
2023-02-22 16:09:15,2021-debortoli-cabernet-merlot_halo,/Users/jonathan/0_jono_data/2023-02-22_2021-DEBORTOLI-CABERNET-MERLOT_HALO.D,HALO150X4_6C18-H2O-MEOH-2_1.M,halo-150-x-4.6-C18-H2O-MEOH-2.1%--gradient,single run,,"DAD1D.ch, DAD1E.ch, DAD1A.ch, DAD1F.ch, DAD1B.ch, DAD1C.ch",DAD1.UV
2023-02-22 13:53:11,stoney-rise-pn_02-21,/Users/jonathan/0_jono_data/2023-02-22_STONEY-RISE-PN_02-21.D,AVANTOR100X4_6C18-H2O-MEOH-2_1.M,avantor-100-x-4.6-C18-H2O-MEOH-2.1%--gradient,single run,,"DAD1D.ch, DAD1E.ch, DAD1A.ch, DAD1F.ch, DAD1B.ch, DAD1C.ch",DAD1.UV
2023-02-22 12:37:59,crawford-cab_02-21,/Users/jonathan/0_jono_data/2023-02-22_CRAWFORD-CAB_02-21.D,AVANTOR100X4_6C18-H2O-MEOH-2_1.M,avantor-100-x-4.6-C18-H2O-MEOH-2.1%--gradient,single run,,"DAD1D.ch, DAD1E.ch, DAD1A.ch, DAD1F.ch, DAD1B.ch, DAD1C.ch",DAD1.UV
2023-02-22 11:42:46,hey-malbec_02-21,/Users/jonathan/0_jono_data/2023-02-22_HEY-MALBEC_02-21.D,AVANTOR100X4_6C18-H2O-MEOH-2_1.M,avantor-100-x-4.6-C18-H2O-MEOH-2.1%--gradient,single run,,"DAD1D.ch, DAD1E.ch, DAD1A.ch, DAD1F.ch, DAD1B.ch, DAD1C.ch",DAD1.UV
2023-02-22 10:45:19,koerner-nellucio-02-21,/Users/jonathan/0_jono_data/2023-02-22_KOERNER-NELLUCIO-02-21.D,AVANTOR100X4_6C18-H2O-MEOH-2_1.M,avantor-100-x-4.6-C18-H2O-MEOH-2.1%--gradient,single run,,"DAD1D.ch, DAD1E.ch, DAD1A.ch, DAD1F.ch, DAD1B.ch, DAD1C.ch",DAD1.UV
2023-02-22 09:48:25,lor-ristretto,/Users/jonathan/0_jono_data/2023-02-22_LOR-RISTRETTO.D,AVANTOR100X4_6C18-H2O-MEOH-2_1.M,avantor-100-x-4.6-C18-H2O-MEOH-2.1%--gradient,single run,,"DAD1D.ch, DAD1E.ch, DAD1A.ch, DAD1F.ch, DAD1B.ch, DAD1C.ch",DAD1.UV
2023-02-16 18:15:05,30,/Users/jonathan/0_jono_data/2023-02-16_WINES_2023-02-16_13-46-32.sequence/006-0601.D,AVANTOR100X4_6C18-H2O-MEOH-2_1.M,empty,sequence,2023-02-16_WINES_2023-02-16_13-46-32.sequence,"DAD1D.ch, DAD1E.ch, DAD1A.ch, DAD1F.ch, DAD1B.ch, DAD1C.ch",DAD1.UV
2023-02-16 17:21:20,27,/Users/jonathan/0_jono_data/2023-02-16_WINES_2023-02-16_13-46-32.sequence/005-0501.D,AVANTOR100X4_6C18-H2O-MEOH-2_1.M,empty,sequence,2023-02-16_WINES_2023-02-16_13-46-32.sequence,"DAD1D.ch, DAD1E.ch, DAD1A.ch, DAD1F.ch, DAD1B.ch, DAD1C.ch",DAD1.UV
2023-02-16 16:27:39,26,/Users/jonathan/0_jono_data/2023-02-16_WINES_2023-02-16_13-46-32.sequence/004-0401.D,AVANTOR100X4_6C18-H2O-MEOH-2_1.M,empty,sequence,2023-02-16_WINES_2023-02-16_13-46-32.sequence,"DAD1D.ch, DAD1E.ch, DAD1A.ch, DAD1F.ch, DAD1B.ch, DAD1C.ch",DAD1.UV
2023-02-16 15:33:56,25,/Users/jonathan/0_jono_data/2023-02-16_WINES_2023-02-16_13-46-32.sequence/003-0301.D,AVANTOR100X4_6C18-H2O-MEOH-2_1.M,empty,sequence,2023-02-16_WINES_2023-02-16_13-46-32.sequence,"DAD1D.ch, DAD1E.ch, DAD1A.ch, DAD1F.ch, DAD1B.ch, DAD1C.ch",DAD1.UV
2023-02-16 14:40:17,24,/Users/jonathan/0_jono_data/2023-02-16_WINES_2023-02-16_13-46-32.sequence/002-0201.D,AVANTOR100X4_6C18-H2O-MEOH-2_1.M,empty,sequence,2023-02-16_WINES_2023-02-16_13-46-32.sequence,"DAD1D.ch, DAD1E.ch, DAD1A.ch, DAD1F.ch, DAD1B.ch, DAD1C.ch",DAD1.UV
2023-02-16 13:46:36,22,/Users/jonathan/0_jono_data/2023-02-16_WINES_2023-02-16_13-46-32.sequence/001-0101.D,AVANTOR100X4_6C18-H2O-MEOH-2_1.M,empty,sequence,2023-02-16_WINES_2023-02-16_13-46-32.sequence,"DAD1D.ch, DAD1E.ch, DAD1A.ch, DAD1F.ch, DAD1B.ch, DAD1C.ch",DAD1.UV
2023-02-16 12:45:35,0232,/Users/jonathan/0_jono_data/2023-02-16_0232.D,AVANTOR100X4_6C18-H2O-MEOH-2_1.M,avantor-100-x-4.6-C18-H2O-MEOH-2.1%--gradientGraillot-Croses-Hermitage,single run,,"DAD1D.ch, DAD1E.ch, DAD1A.ch, DAD1F.ch, DAD1B.ch, DAD1C.ch",DAD1.UV
2023-02-16 11:41:01,0291,/Users/jonathan/0_jono_data/2023-02-16_0291.D,AVANTOR100X4_6C18-H2O-MEOH-2_1.M,avantor-100-x-4.6-C18-H2O-MEOH-2.1%--gradientTorbreck-2008-Descendent,single run,,"DAD1D.ch, DAD1E.ch, DAD1A.ch, DAD1F.ch, DAD1B.ch, DAD1C.ch",DAD1.UV
2023-02-16 04:45:45,0211,/Users/jonathan/0_jono_data/2023-02-15_WINES_2023-02-15_15-19-53.sequence/017-1601.D,AVANTOR100X4_6C18-H2O-MEOH-2_1.M,empty,sequence,2023-02-15_WINES_2023-02-15_15-19-53.sequence,"DAD1D.ch, DAD1E.ch, DAD1A.ch, DAD1F.ch, DAD1B.ch, DAD1C.ch",DAD1.UV
2023-02-16 03:52:01,0201,/Users/jonathan/0_jono_data/2023-02-15_WINES_2023-02-15_15-19-53.sequence/016-1501.D,AVANTOR100X4_6C18-H2O-MEOH-2_1.M,empty,sequence,2023-02-15_WINES_2023-02-15_15-19-53.sequence,"DAD1D.ch, DAD1E.ch, DAD1A.ch, DAD1F.ch, DAD1B.ch, DAD1C.ch",DAD1.UV
2023-02-16 02:58:20,0191,/Users/jonathan/0_jono_data/2023-02-15_WINES_2023-02-15_15-19-53.sequence/015-1401.D,AVANTOR100X4_6C18-H2O-MEOH-2_1.M,empty,sequence,2023-02-15_WINES_2023-02-15_15-19-53.sequence,"DAD1D.ch, DAD1E.ch, DAD1A.ch, DAD1F.ch, DAD1B.ch, DAD1C.ch",DAD1.UV
2023-02-16 02:04:38,0181,/Users/jonathan/0_jono_data/2023-02-15_WINES_2023-02-15_15-19-53.sequence/014-1301.D,AVANTOR100X4_6C18-H2O-MEOH-2_1.M,empty,sequence,2023-02-15_WINES_2023-02-15_15-19-53.sequence,"DAD1D.ch, DAD1E.ch, DAD1A.ch, DAD1F.ch, DAD1B.ch, DAD1C.ch",DAD1.UV
2023-02-16 01:10:56,0171,/Users/jonathan/0_jono_data/2023-02-15_WINES_2023-02-15_15-19-53.sequence/013-1201.D,AVANTOR100X4_6C18-H2O-MEOH-2_1.M,empty,sequence,2023-02-15_WINES_2023-02-15_15-19-53.sequence,"DAD1D.ch, DAD1E.ch, DAD1A.ch, DAD1F.ch, DAD1B.ch, DAD1C.ch",DAD1.UV
2023-02-16 00:17:18,0161,/Users/jonathan/0_jono_data/2023-02-15_WINES_2023-02-15_15-19-53.sequence/012-1101.D,AVANTOR100X4_6C18-H2O-MEOH-2_1.M,empty,sequence,2023-02-15_WINES_2023-02-15_15-19-53.sequence,"DAD1D.ch, DAD1E.ch, DAD1A.ch, DAD1F.ch, DAD1B.ch, DAD1C.ch",DAD1.UV
2023-02-15 23:23:36,0151,/Users/jonathan/0_jono_data/2023-02-15_WINES_2023-02-15_15-19-53.sequence/011-1001.D,AVANTOR100X4_6C18-H2O-MEOH-2_1.M,empty,sequence,2023-02-15_WINES_2023-02-15_15-19-53.sequence,"DAD1D.ch, DAD1E.ch, DAD1A.ch, DAD1F.ch, DAD1B.ch, DAD1C.ch",DAD1.UV
2023-02-15 22:29:51,0131,/Users/jonathan/0_jono_data/2023-02-15_WINES_2023-02-15_15-19-53.sequence/009-0901.D,AVANTOR100X4_6C18-H2O-MEOH-2_1.M,empty,sequence,2023-02-15_WINES_2023-02-15_15-19-53.sequence,"DAD1D.ch, DAD1E.ch, DAD1A.ch, DAD1F.ch, DAD1B.ch, DAD1C.ch",DAD1.UV
2023-02-15 21:36:06,0121,/Users/jonathan/0_jono_data/2023-02-15_WINES_2023-02-15_15-19-53.sequence/008-0801.D,AVANTOR100X4_6C18-H2O-MEOH-2_1.M,empty,sequence,2023-02-15_WINES_2023-02-15_15-19-53.sequence,"DAD1D.ch, DAD1E.ch, DAD1A.ch, DAD1F.ch, DAD1B.ch, DAD1C.ch",DAD1.UV
2023-02-15 20:42:21,0111,/Users/jonathan/0_jono_data/2023-02-15_WINES_2023-02-15_15-19-53.sequence/007-0701.D,AVANTOR100X4_6C18-H2O-MEOH-2_1.M,empty,sequence,2023-02-15_WINES_2023-02-15_15-19-53.sequence,"DAD1D.ch, DAD1E.ch, DAD1A.ch, DAD1F.ch, DAD1B.ch, DAD1C.ch",DAD1.UV
2023-02-15 19:48:38,0101,/Users/jonathan/0_jono_data/2023-02-15_WINES_2023-02-15_15-19-53.sequence/006-0601.D,AVANTOR100X4_6C18-H2O-MEOH-2_1.M,empty,sequence,2023-02-15_WINES_2023-02-15_15-19-53.sequence,"DAD1D.ch, DAD1E.ch, DAD1A.ch, DAD1F.ch, DAD1B.ch, DAD1C.ch",DAD1.UV
2023-02-15 18:54:53,0091,/Users/jonathan/0_jono_data/2023-02-15_WINES_2023-02-15_15-19-53.sequence/005-0501.D,AVANTOR100X4_6C18-H2O-MEOH-2_1.M,empty,sequence,2023-02-15_WINES_2023-02-15_15-19-53.sequence,"DAD1D.ch, DAD1E.ch, DAD1A.ch, DAD1F.ch, DAD1B.ch, DAD1C.ch",DAD1.UV
2023-02-15 18:01:10,0081,/Users/jonathan/0_jono_data/2023-02-15_WINES_2023-02-15_15-19-53.sequence/004-0401.D,AVANTOR100X4_6C18-H2O-MEOH-2_1.M,empty,sequence,2023-02-15_WINES_2023-02-15_15-19-53.sequence,"DAD1D.ch, DAD1E.ch, DAD1A.ch, DAD1F.ch, DAD1B.ch, DAD1C.ch",DAD1.UV
2023-02-15 17:07:27,0071,/Users/jonathan/0_jono_data/2023-02-15_WINES_2023-02-15_15-19-53.sequence/003-0301.D,AVANTOR100X4_6C18-H2O-MEOH-2_1.M,empty,sequence,2023-02-15_WINES_2023-02-15_15-19-53.sequence,"DAD1D.ch, DAD1E.ch, DAD1A.ch, DAD1F.ch, DAD1B.ch, DAD1C.ch",DAD1.UV
2023-02-15 16:13:45,0061,/Users/jonathan/0_jono_data/2023-02-15_WINES_2023-02-15_15-19-53.sequence/002-0201.D,AVANTOR100X4_6C18-H2O-MEOH-2_1.M,empty,sequence,2023-02-15_WINES_2023-02-15_15-19-53.sequence,"DAD1D.ch, DAD1E.ch, DAD1A.ch, DAD1F.ch, DAD1B.ch, DAD1C.ch",DAD1.UV
2023-02-15 15:20:02,0051,/Users/jonathan/0_jono_data/2023-02-15_WINES_2023-02-15_15-19-53.sequence/001-0101.D,AVANTOR100X4_6C18-H2O-MEOH-2_1.M,empty,sequence,2023-02-15_WINES_2023-02-15_15-19-53.sequence,"DAD1D.ch, DAD1E.ch, DAD1A.ch, DAD1F.ch, DAD1B.ch, DAD1C.ch",DAD1.UV
2023-02-15 14:35:03,coffee,/Users/jonathan/0_jono_data/2023-02-15_COFFEE_COLUMN_CHECK_2.D,WINE-AVANTOR100X4_6C18-H2O-MEOH-2_1.M,avantor-100-x-4.6-C18-H2O-MEOH-2.1%-gradientprep-run-to-confirm-column-is-A-OK-before-running-all-my-samples-to-check-for-deg,single run,,"DAD1D.ch, DAD1E.ch, DAD1A.ch, DAD1F.ch, DAD1B.ch, DAD1C.ch",DAD1.UV
2023-02-15 13:06:34,coffee,/Users/jonathan/0_jono_data/2023-02-15_COFFEE_COLUMN_CHECK.D,WINE-AVANTOR100X4_6C18-H2O-MEOH-2_1.M,avantor-100-x-4.6-C18-H2O-MEOH-2.1%-gradientprep-run-to-confirm-column-is-A-OK-before-running-all-my-samples-to-check-for-deg,single run,,"DAD1D.ch, DAD1E.ch, DAD1A.ch, DAD1F.ch, DAD1B.ch, DAD1C.ch",DAD1.UV
2023-02-14 13:18:27,0052,/Users/jonathan/0_jono_data/2023-02-14_0052_TESTING_COLUMN_FOR_SAMPLE_DEG.D,WINE-AVANTOR100X4_6C18-H2O-MEOH-2_1.M,"avantor-100-x-4.6-C18-H2O-MEOH-2.1%-gradientMostly-running-it-to-see-how-the-duplicate-0052-compares-to-0051-from-last-week-to-identify-whether-the-column-has-caused-the-low-absorbance-response-seen-in-Z3,-or-whether-the-Z3-sample-itself-had-degraded.",single run,,"DAD1D.ch, DAD1E.ch, DAD1A.ch, DAD1F.ch, DAD1B.ch, DAD1C.ch",DAD1.UV
2023-02-09 14:59:17,nc1,/Users/jonathan/0_jono_data/2023-02-09_14-59-17_NC1.D,2023-02-09_COLUMN_TEST_COFFEE_SHORT.M,avantor-100-x-4.6-C18-H2O-MEOH-2.1%-gradient,single run,,"DAD1D.ch, DAD1E.ch, DAD1A.ch, DAD1F.ch, DAD1B.ch, DAD1C.ch",DAD1.UV
2023-02-09 14:30:37,z3,/Users/jonathan/0_jono_data/2023-02-09_14-30-37_Z3.D,2023-02-09_COLUMN_TEST_COFFEE_SHORT.M,avantor-100-x-4.6-C18-H2O-MEOH-2.1%-gradient,single run,,"DAD1D.ch, DAD1E.ch, DAD1A.ch, DAD1F.ch, DAD1B.ch, DAD1C.ch",DAD1.UV
2023-02-09 13:49:55,espresso,/Users/jonathan/0_jono_data/2023-02-09_13-49-55_ESPRESSO.D,2023-02-09_COLUMN_TEST_COFFEE_SHORT.M,avantor-100-x-4.6-C18-H2O-MEOH-2.1%-gradient,single run,,"DAD1D.ch, DAD1E.ch, DAD1A.ch, DAD1F.ch, DAD1B.ch, DAD1C.ch",DAD1.UV
2023-02-08 16:05:13,z3,/Users/jonathan/0_jono_data/2023-02-08_16-05-13_Z3.D,AVANTOR100X4_6C18-H2O-MEOH-2_1-1.M,empty,single run,,"DAD1D.ch, DAD1E.ch, DAD1A.ch, DAD1F.ch, DAD1B.ch, DAD1C.ch",DAD1.UV
2023-02-08 09:58:32,0172,/Users/jonathan/0_jono_data/2023-02-07-WINES.sequence/030-1701.D,WINE-AVANTOR100X4_6C18-H2O-MEOH-2_1.M,empty,sequence,2023-02-07-WINES.sequence,"DAD1D.ch, DAD1E.ch, DAD1A.ch, DAD1F.ch, DAD1B.ch, DAD1C.ch, DAD1G.ch",
2023-02-08 09:04:59,0201,/Users/jonathan/0_jono_data/2023-02-07-WINES.sequence/029-1601.D,WINE-AVANTOR100X4_6C18-H2O-MEOH-2_1.M,empty,sequence,2023-02-07-WINES.sequence,"DAD1D.ch, DAD1E.ch, DAD1A.ch, DAD1F.ch, DAD1B.ch, DAD1C.ch, DAD1G.ch",
2023-02-08 08:11:25,0181,/Users/jonathan/0_jono_data/2023-02-07-WINES.sequence/028-1501.D,WINE-AVANTOR100X4_6C18-H2O-MEOH-2_1.M,empty,sequence,2023-02-07-WINES.sequence,"DAD1D.ch, DAD1E.ch, DAD1A.ch, DAD1F.ch, DAD1B.ch, DAD1C.ch, DAD1G.ch",
2023-02-08 07:17:50,0161,/Users/jonathan/0_jono_data/2023-02-07-WINES.sequence/027-1401.D,WINE-AVANTOR100X4_6C18-H2O-MEOH-2_1.M,empty,sequence,2023-02-07-WINES.sequence,"DAD1D.ch, DAD1E.ch, DAD1A.ch, DAD1F.ch, DAD1B.ch, DAD1C.ch, DAD1G.ch",
2023-02-08 06:24:17,0171,/Users/jonathan/0_jono_data/2023-02-07-WINES.sequence/026-1301.D,WINE-AVANTOR100X4_6C18-H2O-MEOH-2_1.M,empty,sequence,2023-02-07-WINES.sequence,"DAD1D.ch, DAD1E.ch, DAD1A.ch, DAD1F.ch, DAD1B.ch, DAD1C.ch, DAD1G.ch",
2023-02-08 05:30:40,0111,/Users/jonathan/0_jono_data/2023-02-07-WINES.sequence/020-1201.D,WINE-AVANTOR100X4_6C18-H2O-MEOH-2_1.M,empty,sequence,2023-02-07-WINES.sequence,"DAD1D.ch, DAD1E.ch, DAD1A.ch, DAD1F.ch, DAD1B.ch, DAD1C.ch, DAD1G.ch",
2023-02-08 04:37:05,0121,/Users/jonathan/0_jono_data/2023-02-07-WINES.sequence/019-1101.D,WINE-AVANTOR100X4_6C18-H2O-MEOH-2_1.M,empty,sequence,2023-02-07-WINES.sequence,"DAD1D.ch, DAD1E.ch, DAD1A.ch, DAD1F.ch, DAD1B.ch, DAD1C.ch, DAD1G.ch",
2023-02-08 03:43:32,0131,/Users/jonathan/0_jono_data/2023-02-07-WINES.sequence/018-1001.D,WINE-AVANTOR100X4_6C18-H2O-MEOH-2_1.M,empty,sequence,2023-02-07-WINES.sequence,"DAD1D.ch, DAD1E.ch, DAD1A.ch, DAD1F.ch, DAD1B.ch, DAD1C.ch, DAD1G.ch",
2023-02-08 02:49:59,0192,/Users/jonathan/0_jono_data/2023-02-07-WINES.sequence/017-0901.D,WINE-AVANTOR100X4_6C18-H2O-MEOH-2_1.M,empty,sequence,2023-02-07-WINES.sequence,"DAD1D.ch, DAD1E.ch, DAD1A.ch, DAD1F.ch, DAD1B.ch, DAD1C.ch, DAD1G.ch",
2023-02-08 01:56:26,0151,/Users/jonathan/0_jono_data/2023-02-07-WINES.sequence/016-0801.D,WINE-AVANTOR100X4_6C18-H2O-MEOH-2_1.M,empty,sequence,2023-02-07-WINES.sequence,"DAD1D.ch, DAD1E.ch, DAD1A.ch, DAD1F.ch, DAD1B.ch, DAD1C.ch, DAD1G.ch",
2023-02-08 01:02:53,0091,/Users/jonathan/0_jono_data/2023-02-07-WINES.sequence/015-0701.D,WINE-AVANTOR100X4_6C18-H2O-MEOH-2_1.M,empty,sequence,2023-02-07-WINES.sequence,"DAD1D.ch, DAD1E.ch, DAD1A.ch, DAD1F.ch, DAD1B.ch, DAD1C.ch, DAD1G.ch",
2023-02-08 00:09:18,0211,/Users/jonathan/0_jono_data/2023-02-07-WINES.sequence/010-0601.D,WINE-AVANTOR100X4_6C18-H2O-MEOH-2_1.M,empty,sequence,2023-02-07-WINES.sequence,"DAD1D.ch, DAD1E.ch, DAD1A.ch, DAD1F.ch, DAD1B.ch, DAD1C.ch, DAD1G.ch",
2023-02-07 23:15:44,0061,/Users/jonathan/0_jono_data/2023-02-07-WINES.sequence/009-0501.D,WINE-AVANTOR100X4_6C18-H2O-MEOH-2_1.M,empty,sequence,2023-02-07-WINES.sequence,"DAD1D.ch, DAD1E.ch, DAD1A.ch, DAD1F.ch, DAD1B.ch, DAD1C.ch, DAD1G.ch",
2023-02-07 22:22:11,0071,/Users/jonathan/0_jono_data/2023-02-07-WINES.sequence/008-0401.D,WINE-AVANTOR100X4_6C18-H2O-MEOH-2_1.M,empty,sequence,2023-02-07-WINES.sequence,"DAD1D.ch, DAD1E.ch, DAD1A.ch, DAD1F.ch, DAD1B.ch, DAD1C.ch, DAD1G.ch",
2023-02-07 21:28:35,0081,/Users/jonathan/0_jono_data/2023-02-07-WINES.sequence/007-0301.D,WINE-AVANTOR100X4_6C18-H2O-MEOH-2_1.M,empty,sequence,2023-02-07-WINES.sequence,"DAD1D.ch, DAD1E.ch, DAD1A.ch, DAD1F.ch, DAD1B.ch, DAD1C.ch, DAD1G.ch",
2023-02-07 20:35:01,0101,/Users/jonathan/0_jono_data/2023-02-07-WINES.sequence/006-0201.D,WINE-AVANTOR100X4_6C18-H2O-MEOH-2_1.M,empty,sequence,2023-02-07-WINES.sequence,"DAD1D.ch, DAD1E.ch, DAD1A.ch, DAD1F.ch, DAD1B.ch, DAD1C.ch, DAD1G.ch",
2023-02-07 19:41:24,0051,/Users/jonathan/0_jono_data/2023-02-07-WINES.sequence/005-0101.D,WINE-AVANTOR100X4_6C18-H2O-MEOH-2_1.M,empty,sequence,2023-02-07-WINES.sequence,"DAD1D.ch, DAD1E.ch, DAD1A.ch, DAD1F.ch, DAD1B.ch, DAD1C.ch, DAD1G.ch",
2023-02-07 18:30:07,z3,/Users/jonathan/0_jono_data/2023-02-07_18-30-07_Z3-ID-NM-ABS-MAX.D,AVANTOR100X4_6C18-H2O-MEOH-2_1-1.M,empty,single run,,"DAD1D.ch, DAD1E.ch, DAD1A.ch, DAD1F.ch, DAD1B.ch, DAD1C.ch",DAD1.UV
2023-02-07 17:08:25,0051,/Users/jonathan/0_jono_data/2023-02-07_17-08-25_0051.D,AVANTOR100X4_6C18-H2O-MEOH-2_1-NO-FA.M,empty,single run,,"DAD1D.ch, DAD1E.ch, DAD1A.ch, DAD1F.ch, DAD1B.ch, DAD1C.ch, DAD1G.ch",
2023-02-07 14:10:47,z3-no-formic-acid,/Users/jonathan/0_jono_data/2023-02-07_14-10-47_Z3-NO-FORMIC-ACID-1.D,AVANTOR100X4_6C18-H2O-MEOH-2_1-NO-FA.M,empty,single run,,"DAD1D.ch, DAD1E.ch, DAD1A.ch, DAD1F.ch, DAD1B.ch, DAD1C.ch, DAD1G.ch",
2023-02-07 12:01:43,z3,/Users/jonathan/0_jono_data/2023-02-07_12-01-43_Z3-1.D,WINE-AVANTOR100X4_6C18-H2O-MEOH-2_1.M,empty,single run,,"DAD1D.ch, DAD1E.ch, DAD1A.ch, DAD1F.ch, DAD1B.ch, DAD1C.ch, DAD1G.ch",
2023-02-07 11:22:37,blank,/Users/jonathan/0_jono_data/2023-02-07_11-22-37_BLANK-4.D,2023-02-07_BLANK.M,empty,single run,,"DAD1D.ch, DAD1E.ch, DAD1A.ch, DAD1F.ch, DAD1B.ch, DAD1C.ch, DAD1G.ch",
2023-02-01 14:50:55,z3,/Users/jonathan/0_jono_data/2023-02-01_Z3_FOURTH_RUN_OF_THE_DAY.D,2023-01-25_WINE_GRADIENT_5.M,empty,single run,,"DAD1D.ch, DAD1E.ch, DAD1A.ch, DAD1F.ch, DAD1B.ch, DAD1C.ch, DAD1G.ch",
2023-02-01 13:59:29,z3,/Users/jonathan/0_jono_data/2023-02-01_Z3_THIRD_RUN_OF_THE_DAY.D,2023-01-25_WINE_GRADIENT_5.M,empty,single run,,"DAD1D.ch, DAD1E.ch, DAD1A.ch, DAD1F.ch, DAD1B.ch, DAD1C.ch, DAD1G.ch",
2023-02-01 13:08:10,z3,/Users/jonathan/0_jono_data/2023-02-01_Z3_SECOND_RUN_OF_THE_DAY.D,2023-01-25_WINE_GRADIENT_5.M,empty,single run,,"DAD1D.ch, DAD1E.ch, DAD1A.ch, DAD1F.ch, DAD1B.ch, DAD1C.ch, DAD1G.ch",
2023-02-01 11:15:57,z3,/Users/jonathan/0_jono_data/2023-02-01_Z3_FIRST_RUN_OF_DAY.D,2023-01-25_WINE_GRADIENT_5.M,empty,single run,,"DAD1D.ch, DAD1E.ch, DAD1A.ch, DAD1F.ch, DAD1B.ch, DAD1C.ch, DAD1G.ch",
2023-01-30 17:38:32,2,/Users/jonathan/0_jono_data/2023-01-30_WINES 2023-01-30 15-15-45.sequence/2.D,2023-01-25_WINE_GRADIENT_5.M,empty,sequence,2023-01-30_WINES 2023-01-30 15-15-45.sequence,"DAD1D.ch, DAD1E.ch, DAD1A.ch, DAD1F.ch, DAD1B.ch, DAD1C.ch, DAD1G.ch",
2023-01-30 16:50:56,1,/Users/jonathan/0_jono_data/2023-01-30_WINES 2023-01-30 15-15-45.sequence/1.D,2023-01-25_WINE_GRADIENT_5.M,empty,sequence,2023-01-30_WINES 2023-01-30 15-15-45.sequence,"DAD1D.ch, DAD1E.ch, DAD1A.ch, DAD1F.ch, DAD1B.ch, DAD1C.ch, DAD1G.ch",
2023-01-30 16:03:25,z2,/Users/jonathan/0_jono_data/2023-01-30_WINES 2023-01-30 15-15-45.sequence/Z2.D,2023-01-25_WINE_GRADIENT_5.M,empty,sequence,2023-01-30_WINES 2023-01-30 15-15-45.sequence,"DAD1D.ch, DAD1E.ch, DAD1A.ch, DAD1F.ch, DAD1B.ch, DAD1C.ch, DAD1G.ch",
2023-01-30 15:15:49,z1,/Users/jonathan/0_jono_data/2023-01-30_WINES 2023-01-30 15-15-45.sequence/Z1.D,2023-01-25_WINE_GRADIENT_5.M,empty,sequence,2023-01-30_WINES 2023-01-30 15-15-45.sequence,"DAD1D.ch, DAD1E.ch, DAD1A.ch, DAD1F.ch, DAD1B.ch, DAD1C.ch, DAD1G.ch",
2023-01-25 12:39:37,z3,/Users/jonathan/0_jono_data/2023-01-23_WINE_TEST_GRAD_5.D,2023-01-25_WINE_GRADIENT_5.M,empty,single run,,"DAD1D.ch, DAD1E.ch, DAD1A.ch, DAD1F.ch, DAD1B.ch, DAD1C.ch, DAD1G.ch",
2023-01-25 11:49:56,z3,/Users/jonathan/0_jono_data/2023-01-23_WINE_TEST_GRAD_4.D,2023-01-25_WINE_GRADIENT_4.M,empty,single run,,DAD1A.ch,
2023-01-23 16:20:54,z3,/Users/jonathan/0_jono_data/2023-01-23_WINE_TEST_GRAD_2.D,2023-01-23_WINE_GRADIENT_2.M,empty,single run,,DAD1A.ch,
2023-01-23 16:00:38,z3,/Users/jonathan/0_jono_data/2023-01-23_WINE_TEST_GRAD_1.D,2023-01-23_WINE_GRADIENT_1.M,empty,single run,,DAD1A.ch,
2023-01-23 14:58:56,coffee,/Users/jonathan/0_jono_data/2023-01-23_COFFEE-TEST_3.D,2023-01-23_COFFEE_TEST.M,empty,single run,,DAD1A.ch,
2023-01-23 14:52:08,coffee,/Users/jonathan/0_jono_data/2023-01-23_COFFEE-TEST_2.D,2023-01-23_COFFEE_TEST.M,empty,single run,,DAD1A.ch,
2023-01-23 14:43:00,coffee,/Users/jonathan/0_jono_data/2023-01-23_COFFEE-TEST-1.D,2023-01-23_COFFEE_TEST.M,empty,single run,,DAD1A.ch,
2023-01-23 14:13:03,MeOH,/Users/jonathan/0_jono_data/2023-01-23_PHENOL_TEST.D,2023-01-23_PHENOL_TEST.M,empty,single run,,DAD1A.ch,
2022-08-02 09:34:19,caffeine_standard_50ppm,/Users/jonathan/0_jono_data/2022-08-02_CAFFEINE_STANDARD_50PPM.D,CAF_UV_GRADIENT_4.6MM_52MIN.M,empty,single run,,"DAD1A.ch, DAD1B.ch, DAD1C.ch",
2022-08-02 09:34:19,caffeine_standard_50ppm,/Users/jonathan/0_jono_data/2022_caffeine-quant-study/2022-08-02_CAFFEINE_STANDARD_50PPM.D,CAF_UV_GRADIENT_4.6MM_52MIN.M,empty,single run,,"DAD1A.ch, DAD1B.ch, DAD1C.ch",
2022-08-02 01:32:26,cap_nestle_africas,/Users/jonathan/0_jono_data/2022-08-01_CAFFEINE_QUANT_SEQ 2022-08-01 16-04-17.sequence/20220801_CAP_NESTLE_AFRICAS.D,CAF_UV_GRADIENT_4.6MM_52MIN.M,empty,sequence,2022-08-01_CAFFEINE_QUANT_SEQ 2022-08-01 16-04-17.sequence,"DAD1A.ch, DAD1B.ch, DAD1C.ch",
2022-08-02 01:32:26,cap_nestle_africas,/Users/jonathan/0_jono_data/2022_caffeine-quant-study/2022-08-01_CAFFEINE_QUANT_SEQ 2022-08-01 16-04-17.sequence/20220801_CAP_NESTLE_AFRICAS.D,CAF_UV_GRADIENT_4.6MM_52MIN.M,empty,sequence,2022-08-01_CAFFEINE_QUANT_SEQ 2022-08-01 16-04-17.sequence,"DAD1A.ch, DAD1B.ch, DAD1C.ch",
2022-08-02 00:38:52,cap_woolies_med_roast,/Users/jonathan/0_jono_data/2022-08-01_CAFFEINE_QUANT_SEQ 2022-08-01 16-04-17.sequence/20220801_CAP_WOOLIES_MED_ROAST.D,CAF_UV_GRADIENT_4.6MM_52MIN.M,empty,sequence,2022-08-01_CAFFEINE_QUANT_SEQ 2022-08-01 16-04-17.sequence,"DAD1A.ch, DAD1B.ch, DAD1C.ch",
2022-08-02 00:38:52,cap_woolies_med_roast,/Users/jonathan/0_jono_data/2022_caffeine-quant-study/2022-08-01_CAFFEINE_QUANT_SEQ 2022-08-01 16-04-17.sequence/20220801_CAP_WOOLIES_MED_ROAST.D,CAF_UV_GRADIENT_4.6MM_52MIN.M,empty,sequence,2022-08-01_CAFFEINE_QUANT_SEQ 2022-08-01 16-04-17.sequence,"DAD1A.ch, DAD1B.ch, DAD1C.ch",
2022-08-01 23:45:22,cap_lor_ristretto,/Users/jonathan/0_jono_data/2022-08-01_CAFFEINE_QUANT_SEQ 2022-08-01 16-04-17.sequence/20220801_CAP_LOR_RISTRETTO.D,CAF_UV_GRADIENT_4.6MM_52MIN.M,empty,sequence,2022-08-01_CAFFEINE_QUANT_SEQ 2022-08-01 16-04-17.sequence,"DAD1A.ch, DAD1B.ch, DAD1C.ch",
2022-08-01 23:45:22,cap_lor_ristretto,/Users/jonathan/0_jono_data/2022_caffeine-quant-study/2022-08-01_CAFFEINE_QUANT_SEQ 2022-08-01 16-04-17.sequence/20220801_CAP_LOR_RISTRETTO.D,CAF_UV_GRADIENT_4.6MM_52MIN.M,empty,sequence,2022-08-01_CAFFEINE_QUANT_SEQ 2022-08-01 16-04-17.sequence,"DAD1A.ch, DAD1B.ch, DAD1C.ch",
2022-08-01 22:51:50,instant_nescafe_blend_43,/Users/jonathan/0_jono_data/2022_caffeine-quant-study/2022-08-01_CAFFEINE_QUANT_SEQ 2022-08-01 16-04-17.sequence/20220801_INSTANT_NESCAFE_BLEND_43.D,CAF_UV_GRADIENT_4.6MM_52MIN.M,empty,sequence,2022-08-01_CAFFEINE_QUANT_SEQ 2022-08-01 16-04-17.sequence,"DAD1A.ch, DAD1B.ch, DAD1C.ch",
2022-08-01 22:51:50,instant_nescafe_blend_43,/Users/jonathan/0_jono_data/2022-08-01_CAFFEINE_QUANT_SEQ 2022-08-01 16-04-17.sequence/20220801_INSTANT_NESCAFE_BLEND_43.D,CAF_UV_GRADIENT_4.6MM_52MIN.M,empty,sequence,2022-08-01_CAFFEINE_QUANT_SEQ 2022-08-01 16-04-17.sequence,"DAD1A.ch, DAD1B.ch, DAD1C.ch",
2022-08-01 21:58:22,caffeine_50_ppm,/Users/jonathan/0_jono_data/2022-08-01_CAFFEINE_QUANT_SEQ 2022-08-01 16-04-17.sequence/20220801_CAFFEINE_50PPM_GRADIENT.D,CAF_UV_GRADIENT_4.6MM_52MIN.M,empty,sequence,2022-08-01_CAFFEINE_QUANT_SEQ 2022-08-01 16-04-17.sequence,"DAD1A.ch, DAD1B.ch, DAD1C.ch",
2022-08-01 21:58:22,caffeine_50_ppm,/Users/jonathan/0_jono_data/2022_caffeine-quant-study/2022-08-01_CAFFEINE_QUANT_SEQ 2022-08-01 16-04-17.sequence/20220801_CAFFEINE_50PPM_GRADIENT.D,CAF_UV_GRADIENT_4.6MM_52MIN.M,empty,sequence,2022-08-01_CAFFEINE_QUANT_SEQ 2022-08-01 16-04-17.sequence,"DAD1A.ch, DAD1B.ch, DAD1C.ch",
2022-08-01 21:04:52,instant_moccona_classic,/Users/jonathan/0_jono_data/2022_caffeine-quant-study/2022-08-01_CAFFEINE_QUANT_SEQ 2022-08-01 16-04-17.sequence/20220801_INSTANT_MOCCONA_CLASSIC.D,CAF_UV_GRADIENT_4.6MM_52MIN.M,empty,sequence,2022-08-01_CAFFEINE_QUANT_SEQ 2022-08-01 16-04-17.sequence,"DAD1A.ch, DAD1B.ch, DAD1C.ch",
2022-08-01 21:04:52,instant_moccona_classic,/Users/jonathan/0_jono_data/2022-08-01_CAFFEINE_QUANT_SEQ 2022-08-01 16-04-17.sequence/20220801_INSTANT_MOCCONA_CLASSIC.D,CAF_UV_GRADIENT_4.6MM_52MIN.M,empty,sequence,2022-08-01_CAFFEINE_QUANT_SEQ 2022-08-01 16-04-17.sequence,"DAD1A.ch, DAD1B.ch, DAD1C.ch",
2022-08-01 20:11:20,instant_woolies_med_roast,/Users/jonathan/0_jono_data/2022_caffeine-quant-study/2022-08-01_CAFFEINE_QUANT_SEQ 2022-08-01 16-04-17.sequence/20220801_INSTANT_WOOLIES_MED_ROAST.D,CAF_UV_GRADIENT_4.6MM_52MIN.M,empty,sequence,2022-08-01_CAFFEINE_QUANT_SEQ 2022-08-01 16-04-17.sequence,"DAD1A.ch, DAD1B.ch, DAD1C.ch",
2022-08-01 20:11:20,instant_woolies_med_roast,/Users/jonathan/0_jono_data/2022-08-01_CAFFEINE_QUANT_SEQ 2022-08-01 16-04-17.sequence/20220801_INSTANT_WOOLIES_MED_ROAST.D,CAF_UV_GRADIENT_4.6MM_52MIN.M,empty,sequence,2022-08-01_CAFFEINE_QUANT_SEQ 2022-08-01 16-04-17.sequence,"DAD1A.ch, DAD1B.ch, DAD1C.ch",
2022-08-01 19:17:52,instant_nescafe_gold,/Users/jonathan/0_jono_data/2022_caffeine-quant-study/2022-08-01_CAFFEINE_QUANT_SEQ 2022-08-01 16-04-17.sequence/20220801_INSTANT_NESCAFE_GOLD.D,CAF_UV_GRADIENT_4.6MM_52MIN.M,empty,sequence,2022-08-01_CAFFEINE_QUANT_SEQ 2022-08-01 16-04-17.sequence,"DAD1A.ch, DAD1B.ch, DAD1C.ch",
2022-08-01 19:17:52,instant_nescafe_gold,/Users/jonathan/0_jono_data/2022-08-01_CAFFEINE_QUANT_SEQ 2022-08-01 16-04-17.sequence/20220801_INSTANT_NESCAFE_GOLD.D,CAF_UV_GRADIENT_4.6MM_52MIN.M,empty,sequence,2022-08-01_CAFFEINE_QUANT_SEQ 2022-08-01 16-04-17.sequence,"DAD1A.ch, DAD1B.ch, DAD1C.ch",
2022-08-01 18:24:24,instant_vittoria_class,/Users/jonathan/0_jono_data/2022_caffeine-quant-study/2022-08-01_CAFFEINE_QUANT_SEQ 2022-08-01 16-04-17.sequence/20220801_INSTANT_VITTORIA_CLASSIC.D,CAF_UV_GRADIENT_4.6MM_52MIN.M,empty,sequence,2022-08-01_CAFFEINE_QUANT_SEQ 2022-08-01 16-04-17.sequence,"DAD1A.ch, DAD1B.ch, DAD1C.ch",
2022-08-01 18:24:24,instant_vittoria_class,/Users/jonathan/0_jono_data/2022-08-01_CAFFEINE_QUANT_SEQ 2022-08-01 16-04-17.sequence/20220801_INSTANT_VITTORIA_CLASSIC.D,CAF_UV_GRADIENT_4.6MM_52MIN.M,empty,sequence,2022-08-01_CAFFEINE_QUANT_SEQ 2022-08-01 16-04-17.sequence,"DAD1A.ch, DAD1B.ch, DAD1C.ch",
2022-08-01 18:11:56,water,/Users/jonathan/0_jono_data/2022-08-01_CAFFEINE_QUANT_SEQ 2022-08-01 16-04-17.sequence/WATER2.D,CAFFINE_QUAN_ISOCRATIC.M,empty,sequence,2022-08-01_CAFFEINE_QUANT_SEQ 2022-08-01 16-04-17.sequence,"DAD1A.ch, DAD1B.ch, DAD1C.ch",
2022-08-01 18:11:56,water,/Users/jonathan/0_jono_data/2022_caffeine-quant-study/2022-08-01_CAFFEINE_QUANT_SEQ 2022-08-01 16-04-17.sequence/WATER2.D,CAFFINE_QUAN_ISOCRATIC.M,empty,sequence,2022-08-01_CAFFEINE_QUANT_SEQ 2022-08-01 16-04-17.sequence,"DAD1A.ch, DAD1B.ch, DAD1C.ch",
2022-08-01 18:00:32,water,/Users/jonathan/0_jono_data/2022_caffeine-quant-study/2022-08-01_CAFFEINE_QUANT_SEQ 2022-08-01 16-04-17.sequence/WATER1.D,CAFFINE_QUAN_ISOCRATIC.M,empty,sequence,2022-08-01_CAFFEINE_QUANT_SEQ 2022-08-01 16-04-17.sequence,"DAD1A.ch, DAD1B.ch, DAD1C.ch",
2022-08-01 18:00:32,water,/Users/jonathan/0_jono_data/2022-08-01_CAFFEINE_QUANT_SEQ 2022-08-01 16-04-17.sequence/WATER1.D,CAFFINE_QUAN_ISOCRATIC.M,empty,sequence,2022-08-01_CAFFEINE_QUANT_SEQ 2022-08-01 16-04-17.sequence,"DAD1A.ch, DAD1B.ch, DAD1C.ch",
2022-08-01 17:48:59,caffeine_100_ppm,/Users/jonathan/0_jono_data/2022_caffeine-quant-study/2022-08-01_CAFFEINE_QUANT_SEQ 2022-08-01 16-04-17.sequence/20220801_CAFFEINE_100PPM2.D,CAFFINE_QUAN_ISOCRATIC.M,empty,sequence,2022-08-01_CAFFEINE_QUANT_SEQ 2022-08-01 16-04-17.sequence,"DAD1A.ch, DAD1B.ch, DAD1C.ch",
2022-08-01 17:48:59,caffeine_100_ppm,/Users/jonathan/0_jono_data/2022-08-01_CAFFEINE_QUANT_SEQ 2022-08-01 16-04-17.sequence/20220801_CAFFEINE_100PPM2.D,CAFFINE_QUAN_ISOCRATIC.M,empty,sequence,2022-08-01_CAFFEINE_QUANT_SEQ 2022-08-01 16-04-17.sequence,"DAD1A.ch, DAD1B.ch, DAD1C.ch",
2022-08-01 17:37:27,caffeine_100_ppm,/Users/jonathan/0_jono_data/2022_caffeine-quant-study/2022-08-01_CAFFEINE_QUANT_SEQ 2022-08-01 16-04-17.sequence/20220801_CAFFEINE_100PPM1.D,CAFFINE_QUAN_ISOCRATIC.M,empty,sequence,2022-08-01_CAFFEINE_QUANT_SEQ 2022-08-01 16-04-17.sequence,"DAD1A.ch, DAD1B.ch, DAD1C.ch",
2022-08-01 17:37:27,caffeine_100_ppm,/Users/jonathan/0_jono_data/2022-08-01_CAFFEINE_QUANT_SEQ 2022-08-01 16-04-17.sequence/20220801_CAFFEINE_100PPM1.D,CAFFINE_QUAN_ISOCRATIC.M,empty,sequence,2022-08-01_CAFFEINE_QUANT_SEQ 2022-08-01 16-04-17.sequence,"DAD1A.ch, DAD1B.ch, DAD1C.ch",
2022-08-01 17:25:53,caffeine_75_ppm,/Users/jonathan/0_jono_data/2022-08-01_CAFFEINE_QUANT_SEQ 2022-08-01 16-04-17.sequence/20220801_CAFFEINE_75PPM2.D,CAFFINE_QUAN_ISOCRATIC.M,empty,sequence,2022-08-01_CAFFEINE_QUANT_SEQ 2022-08-01 16-04-17.sequence,"DAD1A.ch, DAD1B.ch, DAD1C.ch",
2022-08-01 17:25:53,caffeine_75_ppm,/Users/jonathan/0_jono_data/2022_caffeine-quant-study/2022-08-01_CAFFEINE_QUANT_SEQ 2022-08-01 16-04-17.sequence/20220801_CAFFEINE_75PPM2.D,CAFFINE_QUAN_ISOCRATIC.M,empty,sequence,2022-08-01_CAFFEINE_QUANT_SEQ 2022-08-01 16-04-17.sequence,"DAD1A.ch, DAD1B.ch, DAD1C.ch",
2022-08-01 17:14:17,caffeine_75_ppm,/Users/jonathan/0_jono_data/2022-08-01_CAFFEINE_QUANT_SEQ 2022-08-01 16-04-17.sequence/20220801_CAFFEINE_75PPM1.D,CAFFINE_QUAN_ISOCRATIC.M,empty,sequence,2022-08-01_CAFFEINE_QUANT_SEQ 2022-08-01 16-04-17.sequence,"DAD1A.ch, DAD1B.ch, DAD1C.ch",
2022-08-01 17:14:17,caffeine_75_ppm,/Users/jonathan/0_jono_data/2022_caffeine-quant-study/2022-08-01_CAFFEINE_QUANT_SEQ 2022-08-01 16-04-17.sequence/20220801_CAFFEINE_75PPM1.D,CAFFINE_QUAN_ISOCRATIC.M,empty,sequence,2022-08-01_CAFFEINE_QUANT_SEQ 2022-08-01 16-04-17.sequence,"DAD1A.ch, DAD1B.ch, DAD1C.ch",
2022-08-01 17:02:49,caffeine_50_ppm,/Users/jonathan/0_jono_data/2022-08-01_CAFFEINE_QUANT_SEQ 2022-08-01 16-04-17.sequence/20220801_CAFFEINE_50PPM_ISO2.D,CAFFINE_QUAN_ISOCRATIC.M,empty,sequence,2022-08-01_CAFFEINE_QUANT_SEQ 2022-08-01 16-04-17.sequence,"DAD1A.ch, DAD1B.ch, DAD1C.ch",
2022-08-01 17:02:49,caffeine_50_ppm,/Users/jonathan/0_jono_data/2022_caffeine-quant-study/2022-08-01_CAFFEINE_QUANT_SEQ 2022-08-01 16-04-17.sequence/20220801_CAFFEINE_50PPM_ISO2.D,CAFFINE_QUAN_ISOCRATIC.M,empty,sequence,2022-08-01_CAFFEINE_QUANT_SEQ 2022-08-01 16-04-17.sequence,"DAD1A.ch, DAD1B.ch, DAD1C.ch",
2022-08-01 16:51:21,caffeine_50_ppm,/Users/jonathan/0_jono_data/2022-08-01_CAFFEINE_QUANT_SEQ 2022-08-01 16-04-17.sequence/20220801_CAFFEINE_50PPM_ISO1.D,CAFFINE_QUAN_ISOCRATIC.M,empty,sequence,2022-08-01_CAFFEINE_QUANT_SEQ 2022-08-01 16-04-17.sequence,"DAD1A.ch, DAD1B.ch, DAD1C.ch",
2022-08-01 16:51:21,caffeine_50_ppm,/Users/jonathan/0_jono_data/2022_caffeine-quant-study/2022-08-01_CAFFEINE_QUANT_SEQ 2022-08-01 16-04-17.sequence/20220801_CAFFEINE_50PPM_ISO1.D,CAFFINE_QUAN_ISOCRATIC.M,empty,sequence,2022-08-01_CAFFEINE_QUANT_SEQ 2022-08-01 16-04-17.sequence,"DAD1A.ch, DAD1B.ch, DAD1C.ch",
2022-08-01 16:39:53,caffeine_25_ppm,/Users/jonathan/0_jono_data/2022_caffeine-quant-study/2022-08-01_CAFFEINE_QUANT_SEQ 2022-08-01 16-04-17.sequence/20220801_CAFFEINE_25PPM2.D,CAFFINE_QUAN_ISOCRATIC.M,empty,sequence,2022-08-01_CAFFEINE_QUANT_SEQ 2022-08-01 16-04-17.sequence,"DAD1A.ch, DAD1B.ch, DAD1C.ch",
2022-08-01 16:39:53,caffeine_25_ppm,/Users/jonathan/0_jono_data/2022-08-01_CAFFEINE_QUANT_SEQ 2022-08-01 16-04-17.sequence/20220801_CAFFEINE_25PPM2.D,CAFFINE_QUAN_ISOCRATIC.M,empty,sequence,2022-08-01_CAFFEINE_QUANT_SEQ 2022-08-01 16-04-17.sequence,"DAD1A.ch, DAD1B.ch, DAD1C.ch",
2022-08-01 16:28:25,caffeine_25_ppm,/Users/jonathan/0_jono_data/2022_caffeine-quant-study/2022-08-01_CAFFEINE_QUANT_SEQ 2022-08-01 16-04-17.sequence/20220801_CAFFEINE_25PPM1.D,CAFFINE_QUAN_ISOCRATIC.M,empty,sequence,2022-08-01_CAFFEINE_QUANT_SEQ 2022-08-01 16-04-17.sequence,"DAD1A.ch, DAD1B.ch, DAD1C.ch",
2022-08-01 16:28:25,caffeine_25_ppm,/Users/jonathan/0_jono_data/2022-08-01_CAFFEINE_QUANT_SEQ 2022-08-01 16-04-17.sequence/20220801_CAFFEINE_25PPM1.D,CAFFINE_QUAN_ISOCRATIC.M,empty,sequence,2022-08-01_CAFFEINE_QUANT_SEQ 2022-08-01 16-04-17.sequence,"DAD1A.ch, DAD1B.ch, DAD1C.ch",
2022-08-01 16:16:55,caffeine_10_ppm,/Users/jonathan/0_jono_data/2022_caffeine-quant-study/2022-08-01_CAFFEINE_QUANT_SEQ 2022-08-01 16-04-17.sequence/20220801_CAFFEINE_10PPM2.D,CAFFINE_QUAN_ISOCRATIC.M,empty,sequence,2022-08-01_CAFFEINE_QUANT_SEQ 2022-08-01 16-04-17.sequence,"DAD1A.ch, DAD1B.ch, DAD1C.ch",
2022-08-01 16:16:55,caffeine_10_ppm,/Users/jonathan/0_jono_data/2022-08-01_CAFFEINE_QUANT_SEQ 2022-08-01 16-04-17.sequence/20220801_CAFFEINE_10PPM2.D,CAFFINE_QUAN_ISOCRATIC.M,empty,sequence,2022-08-01_CAFFEINE_QUANT_SEQ 2022-08-01 16-04-17.sequence,"DAD1A.ch, DAD1B.ch, DAD1C.ch",
2022-08-01 16:05:22,caffeine_10_ppm,/Users/jonathan/0_jono_data/2022_caffeine-quant-study/2022-08-01_CAFFEINE_QUANT_SEQ 2022-08-01 16-04-17.sequence/20220801_CAFFEINE_10PPM1.D,CAFFINE_QUAN_ISOCRATIC.M,empty,sequence,2022-08-01_CAFFEINE_QUANT_SEQ 2022-08-01 16-04-17.sequence,"DAD1A.ch, DAD1B.ch, DAD1C.ch",
2022-08-01 16:05:22,caffeine_10_ppm,/Users/jonathan/0_jono_data/2022-08-01_CAFFEINE_QUANT_SEQ 2022-08-01 16-04-17.sequence/20220801_CAFFEINE_10PPM1.D,CAFFINE_QUAN_ISOCRATIC.M,empty,sequence,2022-08-01_CAFFEINE_QUANT_SEQ 2022-08-01 16-04-17.sequence,"DAD1A.ch, DAD1B.ch, DAD1C.ch",
2022-08-01 15:54:23,caffeine_10_ppm,/Users/jonathan/0_jono_data/2022_caffeine-quant-study/2022-08-01_CAFFEINE_QUANT_SEQ 2022-08-01 15-53-17.sequence/20220801_CAFFEINE_10PPM1.D,CAFFINE_QUAN_ISOCRATIC.M,empty,sequence,2022-08-01_CAFFEINE_QUANT_SEQ 2022-08-01 15-53-17.sequence,"DAD1A.ch, DAD1B.ch, DAD1C.ch",
2022-08-01 15:54:23,caffeine_10_ppm,/Users/jonathan/0_jono_data/2022-08-01_CAFFEINE_QUANT_SEQ 2022-08-01 15-53-17.sequence/20220801_CAFFEINE_10PPM1.D,CAFFINE_QUAN_ISOCRATIC.M,empty,sequence,2022-08-01_CAFFEINE_QUANT_SEQ 2022-08-01 15-53-17.sequence,"DAD1A.ch, DAD1B.ch, DAD1C.ch",
2022-08-01 13:57:24,caffeine_standard_100ppm,/Users/jonathan/0_jono_data/2022-08-01_CAFFEINE_STANDARD_100PPM.D,CAFFINE_QUAN_ISOCRATIC.M,empty,single run,,"DAD1A.ch, DAD1B.ch, DAD1C.ch",
2022-08-01 13:57:24,caffeine_standard_100ppm,/Users/jonathan/0_jono_data/2022_caffeine-quant-study/2022-08-01_CAFFEINE_STANDARD_100PPM.D,CAFFINE_QUAN_ISOCRATIC.M,empty,single run,,"DAD1A.ch, DAD1B.ch, DAD1C.ch",
2022-08-01 13:01:53,Moccona classic instant,/Users/jonathan/0_jono_data/2022-08-01_CAFFEINE_MOCCONA CLASSIC INSTANT.D,CAF_UV_GRADIENT_4.6MM_52MIN.M,empty,single run,,"DAD1A.ch, DAD1B.ch, DAD1C.ch",
2022-08-01 13:01:53,Moccona classic instant,/Users/jonathan/0_jono_data/2022_caffeine-quant-study/2022-08-01_CAFFEINE_MOCCONA CLASSIC INSTANT.D,CAF_UV_GRADIENT_4.6MM_52MIN.M,empty,single run,,"DAD1A.ch, DAD1B.ch, DAD1C.ch",
2022-08-01 12:21:02,LOR espresso ristretto,/Users/jonathan/0_jono_data/2022_caffeine-quant-study/2022-08-01_CAFFEINE_ISOCRATIC_LOR ESPRESSO RISTRETTO.D,CAF_UV_GRADIENT_4.6MM_52MIN.M,empty,single run,,"DAD1A.ch, DAD1B.ch, DAD1C.ch",
2022-08-01 12:21:02,LOR espresso ristretto,/Users/jonathan/0_jono_data/2022-08-01_CAFFEINE_ISOCRATIC_LOR ESPRESSO RISTRETTO.D,CAF_UV_GRADIENT_4.6MM_52MIN.M,empty,single run,,"DAD1A.ch, DAD1B.ch, DAD1C.ch",
